order,center,err_center,wavelength
98,1750.4055375558164,0.017141610762452904,360.668232
98,1796.8408981620194,0.029937264673159054,360.711933
98,1937.257743534727,0.010863424725552087,360.842178
98,2098.0375487222996,0.007683873548638495,360.991087
98,2450.7270728206963,0.005106151281347767,361.314169
98,2533.875670697613,0.254795378745275,361.389679
98,2698.167779105761,0.06511913265269305,361.53841
98,2784.581071393862,0.19591880470662057,361.616359
98,2811.454610972166,0.003322383118648941,361.640412
98,2900.9036864659106,0.00995782036251975,361.720881
98,2958.863934596557,0.0026243312495411943,361.772709
98,3145.5954922289093,0.09680694780543454,361.939506
98,3171.962580324187,0.006941193008059337,361.962855
98,3241.2041685742897,0.03798262893102028,362.024377
98,3425.211609224295,0.0690496785052619,362.187087
98,3492.9745685504026,0.005016452637160558,362.246739
98,3573.1179232955024,0.02392775021279085,362.317
98,3889.3335553839042,0.17485072732560958,362.592854
98,3904.870504382678,0.07823641731053235,362.606281
98,4125.93202084111,0.05536143245240984,362.797295
98,4163.571839844641,0.006561578406091193,362.829761
98,4226.175997741404,0.009845278555197817,362.883238
98,4350.953297535531,0.018663421596585548,362.9902
98,4466.273134727825,0.04384678867748177,363.088483
98,4703.923091886197,0.019099061771504895,363.289829
98,4794.442931838428,0.039147869014789574,363.366055
98,4818.801395494931,0.17277166245435038,363.386589
98,4883.05093767706,0.01655240515225389,363.440543
98,4983.836053671743,0.01129263196356366,363.524924
98,5219.209540681892,0.03159031084461133,363.720916
98,5266.798187676172,0.028832743576017065,363.760308
98,5323.064000793249,0.02316222590146543,363.806769
98,5386.624404008096,0.054748714176367265,363.859231
98,5425.1360285011315,0.0859332770923328,363.890995
98,5518.9619780338635,0.17091585226003148,363.968134
98,5616.911593659118,0.14984918390783208,364.048398
98,5634.3114654143965,0.021109840924916124,364.062613
98,5961.626135138013,2.468019513103704,364.328675
98,6001.737265868173,0.14687772869401702,364.361083
98,6016.433462164635,0.013028019340613282,364.373046
98,6040.862671993796,0.0068250710444812,364.392612
98,6157.343535116568,0.03059749900582451,364.486307
98,6268.23940755873,0.02403982110186883,364.575248
98,6540.800344027694,0.01047090570711638,364.792296
98,6841.20748672999,0.1198543875702993,365.028912
98,6903.2132222150885,0.36594046235569894,365.077472
98,7172.246743342371,0.009864384940712796,365.28681
98,7216.0062444509895,0.13404837260057031,365.320881
98,7514.032860486089,0.14135161232246468,365.550269
98,7742.236403377968,0.017656972187716422,365.724201
97,3588.7387063352153,1.3928558613338016,366.067175
97,1226.5159788407507,0.06724010212409806,363.890995
97,1307.1074880435165,0.10837871458218644,363.968134
97,1391.2174929190896,0.06933493824345766,364.048398
97,1490.219214123704,0.032842352998002255,364.142686
97,1565.9644467028693,0.008416998042016377,364.215082
97,1686.738125658973,0.6967939391867793,364.328675
97,1721.0915687759405,0.022841390927527044,364.361083
97,1821.0129885468946,0.07051363791669306,364.455064
97,2115.867181581482,0.005082428311607311,364.730723
97,2295.2471121902863,0.0055631870569493955,364.89714
97,2438.2981689010203,0.07319065254427412,365.028912
97,2491.1419860277083,0.14561409928559466,365.077472
97,2603.7520280343497,0.03212593118301586,365.180653
97,2617.2682448407777,0.011799460959673767,365.192954
97,2720.1155593709864,0.005840033744322559,365.28681
97,2757.43306357972,0.08926533430086045,365.320881
97,2798.074479107833,0.03191105317369041,365.357798
97,2859.102589965528,0.019830105170639913,365.413197
97,3010.6109798553125,0.08923154003232883,365.550269
97,3101.2819420037463,0.025263598965430643,365.631913
97,3187.2775397580463,0.022114459658378476,365.709102
97,3204.047796177577,0.011682496553073395,365.724201
97,3259.137054398204,0.2256236095836259,365.773543
97,3317.469943484023,0.003913890147194202,365.825877
97,3589.175639060276,1.1795616899360841,366.067175
97,3719.073959545261,0.008081166172752409,366.181966
97,3795.8825262565647,0.013638679752351078,366.249474
97,3856.451363315855,0.046829485091215865,366.302629
97,3967.767839828338,0.01916747610502233,366.400008
97,3995.9009483557156,0.4150926923082894,366.424587
97,4009.0664603549994,0.003397962941431395,366.436224
97,4223.375575670568,0.007954888385975488,366.62249
97,4432.183516996017,0.139875315436337,366.802549
97,4506.73632446801,0.02158647218186641,366.866576
97,4567.263564552175,0.23627520591535173,366.918436
97,4658.0393804905425,0.006555285293091678,366.995918
97,4846.818974303085,0.008170533058904611,367.156555
97,4903.820620720209,0.020159975015357726,367.204958
97,4967.267480715592,0.22102121048661724,367.258518
97,5261.885170731846,0.09297609840169768,367.506076
97,5310.3259182263955,0.003681978883757042,367.546492
97,5366.928740622075,0.09282473633405636,367.593708
97,5448.279377927924,0.4636019942639279,367.661398
97,5474.965302585607,0.13937728108221661,367.683574
97,5600.012265437864,0.008364017648557714,367.786965
97,5632.0884605255,0.010045782934716986,367.813585
97,5658.256334716531,0.005778459651117061,367.835087
97,5711.348003863504,0.022645481783355768,367.878943
97,5801.146833023932,0.08780472906616936,367.95275
97,5931.086970015684,0.13569860824727398,368.059147
97,6218.979622152636,0.04534945138200273,368.293186
97,6633.706560824751,0.08356599393616879,368.626282
97,6856.138818857063,0.03502487453923786,368.803083
97,6924.763388722219,0.027737022342975433,368.857224
97,6943.395734426362,0.07522905035337114,368.871946
97,7302.986878489667,0.03787939291167893,369.153759
97,7421.888653955906,0.4426137602592863,369.246223
97,7447.950575857953,0.16775808163310266,369.266462
97,7548.757331735257,0.05475452184014056,369.34441
97,7571.158666646762,0.4494008099365563,369.361728
96,1226.2698018740145,0.056497238256890556,367.683574
96,1243.9111236764152,0.022094750599474446,367.700619
96,1505.8199901653074,0.05032605173581346,367.95275
96,1617.039424716542,0.04219603829110743,368.059147
96,1863.248820813448,0.02232768798864532,368.293186
96,2014.5213365482018,0.00765055911015276,368.436187
96,2058.086582278096,0.006995808033153778,368.477218
96,2186.9120120342054,0.024045630853378307,368.598175
96,2216.981170383522,0.02820854362229046,368.626282
96,2257.0388293145143,0.005833710566256185,368.663588
96,2286.9965671563937,0.009897327132060079,368.691673
96,2465.007314659999,0.006407373795791829,368.857224
96,2480.784628899236,0.038067319667037365,368.871946
96,2786.1146347122753,0.025604637219486793,369.153759
96,2887.0219090668015,0.19973495004143474,369.246223
96,2909.13834971791,0.06922223236386198,369.266462
96,3088.387156655928,0.010724680451278985,369.429853
96,3211.7977957079856,0.0557700632444884,369.541653
96,3235.4617254591467,0.01545717707390479,369.563099
96,3314.0823489898057,0.07787610839576353,369.634071
96,3390.083196530032,0.030629761459041185,369.702555
96,3465.0220420302694,0.008879528962708647,369.769897
96,3477.9857203351166,0.009297381569934622,369.781495
96,3507.8153238405075,0.01601780538276726,369.808247
96,3560.056475106139,0.006315760158342973,369.854999
96,3628.148512824205,0.1855082857495945,369.915848
96,3700.7865159319977,0.02120112529501219,369.980623
96,3827.7187976576,0.07746022084638006,370.093354
96,3927.8116232907855,0.034179712957666065,370.181824
96,3951.8983309983278,0.2622002981150449,370.203129
96,3965.575550047245,0.05854508959782646,370.215242
96,4022.3688001677983,0.042687517857458335,370.265222
96,4166.399926861833,0.03046418565103837,370.391754
96,4208.163541396288,0.22663982879707212,370.428351
96,4335.370867384091,0.06057101235836305,370.539321
96,4363.34452561054,0.024972258220113834,370.563742
96,4502.215388365352,0.00945365939326667,370.684406
96,4572.815417817828,0.04402701150857556,370.745408
96,4615.344365221486,0.5578613076403816,370.782171
96,4640.915091296158,0.01707578969287028,370.804138
96,4912.142419278462,0.0057955885187989265,371.037032
96,4948.271469815948,0.015707986457359675,371.067891
96,5026.680705173965,0.015562619538565815,371.134737
96,5057.248635758733,0.008294365214162882,371.160719
96,5090.203140046155,0.026648033351320658,371.188674
96,5183.599784285944,0.2070202322956048,371.267871
96,5688.831114223365,0.023199277601112935,371.691852
96,5730.99857279251,0.01035459193753059,371.726956
96,5802.842896858587,0.03661764722279608,371.786518
96,5872.157800620432,0.02529492156158507,371.843909
96,6045.187170673635,0.001883569580439497,371.986544
96,6135.232497034201,0.10408357546250135,372.06042
96,6153.071126406198,0.009711242038090283,372.074981
96,6170.6241291444085,0.2343926024324355,372.089412
96,6187.913488882486,0.20148835554377556,372.10355
96,7137.152264952686,0.17687098382871583,372.867182
96,7173.865847115234,1.1146335270236791,372.896276
96,7487.735456101354,0.2495266587752555,373.142916
96,8340.942080122495,0.020659903652065537,373.799735
96,8417.146413987997,0.18475852653301447,373.857493
95,1366.1594956041495,0.0111668332423626,371.691852
95,1439.9573571501621,0.027249731626753305,371.764088
95,1462.6350187453188,0.020380996594433497,371.786518
95,1522.42547665343,0.023322341969612907,371.843909
95,1654.436855602424,0.005941598082862549,371.971309
95,1747.0573687727228,0.026311900272801732,372.06042
95,1777.2705193826637,0.07060104523962976,372.089412
95,1792.03328953689,0.08254495659057587,372.10355
95,1838.9101839449618,0.009575955995744399,372.148409
95,1899.151200215733,0.007052231869836516,372.206087
95,1934.8123350777428,0.016935299104132634,372.2402
95,2206.3062565808123,0.013974703492593095,372.49792
95,2292.537739149936,0.015170128913311839,372.579238
95,2599.5981101887132,0.08438237090046825,372.867182
95,2611.7763646915096,0.006829661859480229,372.87851
95,2630.73493936577,0.5451360087477916,372.896276
95,2782.006057815526,0.13320601380051186,373.036866
95,2896.6462361541144,0.17721218204052638,373.142916
95,3181.385566556839,0.06978577662430151,373.404666
95,3256.5993045305026,0.13258413181716744,373.473393
95,3680.5647893185464,0.2507806906743224,373.857493
95,3695.968155341662,0.006377520034609696,373.87124
95,3746.1707172655974,0.018515300575831065,373.916478
95,3923.016027871623,0.008569897882322318,374.074762
95,4054.607949997102,0.04337257529019588,374.19185
95,4091.5696695713405,1.4663181002338301,374.224653
95,4113.144960740387,0.01805303958763394,374.243803
95,4170.749146043895,0.011195507968303282,374.294765
95,4288.45910356807,0.7788188634360657,374.398732
95,4514.845629790004,0.02214959329866963,374.597523
95,4600.617721330959,0.09755349234161728,374.672381
95,4636.363053399295,0.22471054894021358,374.703521
95,4666.158651213712,0.014019451121662235,374.729407
95,4691.144678442381,0.23092427661009898,374.751195
95,4817.029100813876,0.09604794722328396,374.860422
95,4836.87318546102,0.004361602150640073,374.877503
95,4965.716595751791,0.008154236125189689,374.988741
95,5308.722889984539,0.026287026263659082,375.282554
95,5404.005365992263,0.27242036298970057,375.363531
95,5430.187713905749,0.024592480481886374,375.385687
95,5516.042827261459,0.022203604739411815,375.458402
95,5717.297090655919,0.18606540426599655,375.627925
95,5865.396484462635,0.028254209678506306,375.751979
95,6107.746814821604,0.4126511035545977,375.953503
95,6136.662945123578,0.10316301370218597,375.977432
95,6150.766092327969,0.008872053077286321,375.989148
95,6224.7480455863615,0.21062545682469466,376.050235
95,6279.9584747900535,0.014506186136833342,376.095811
95,6538.530369641241,0.002820768891540402,376.308093
95,6569.239338596012,0.007770633394800056,376.332672
95,6834.9700426995805,0.01158370321979206,376.548235
95,6865.207417907122,0.014006807316795478,376.572779
95,6958.87303356621,0.33504409819901865,376.648222
95,6974.059205843445,0.037860520672483966,376.660505
95,7601.173259806101,0.030872291267508484,377.159049
95,8142.440043025057,0.024721921780383894,377.580518
94,996.5162530158464,0.01608804142026517,375.282554
94,1077.3791016639248,0.11987494717745835,375.363531
94,1345.1953037056119,0.053974011626051026,375.627925
94,1455.6700139044963,0.042029889964769536,375.73615
94,1598.9276678770632,0.10858415572762407,375.876208
94,1678.3555171679245,0.1265224949518468,375.953503
94,1703.0011990319729,0.04419310000948335,375.977432
94,1715.090698707599,0.0031047076187659364,375.989148
94,1778.0091499255946,0.09070837405507114,376.050235
94,1950.765726787866,0.012538858606524182,376.217045
94,2070.9726799044647,0.00258706878558301,376.332672
94,2087.7138573574052,0.017214978111706133,376.348542
94,2322.467211625028,0.006775270006460359,376.572779
94,2401.9743825899104,0.14538406456474784,376.648222
94,2432.078173551463,0.006451152817089064,376.676713
94,2511.26589536744,0.018179530016029333,376.751706
94,2578.6025059763488,0.015455063606875232,376.815181
94,2895.7809955230637,0.25686418444131637,377.112687
94,2945.531351632326,0.02370457416094704,377.159049
94,3037.0788804700373,0.45544020900959,377.244204
94,3175.26253287193,0.09349960423841533,377.372151
94,3295.281016723211,0.035821189050877514,377.482916
94,3448.042557300085,0.00589916507586338,377.623123
94,3465.1316082457515,0.0047556139085450635,377.638706
94,3569.743609061526,0.1375131272789215,377.734362
94,3765.1667353881057,0.012428781129516718,377.912002
94,3842.3456465959516,0.007649268359847273,377.981915
94,3932.9529127296605,0.009681350171338476,378.063569
94,3998.2253359538545,0.00807333329576752,378.122238
94,4012.9671444084715,0.004291910593859999,378.135633
94,4075.0942982042825,0.06408114732540182,378.191344
94,4089.2093527119473,0.3625749726669393,378.203988
94,4164.441194853275,0.0008935277837847277,378.271178
94,4216.9229387358355,0.004258432887454986,378.31823
94,4372.708847438351,0.017945229292866332,378.456786
94,4475.617500978812,0.010326224243289338,378.548047
94,4560.362045057839,0.05723775110846797,378.622961
94,4574.571077940958,0.024329685002168536,378.635461
94,4591.739194370697,0.0021447546629000985,378.650675
94,4646.696205044936,0.029390953228579566,378.698939
94,4665.36741567098,0.0021262200707783912,378.71552
94,4699.920657640924,0.015575575467259434,378.745735
94,4756.997619068433,0.023083955472997898,378.795775
94,4784.4522487460545,0.015471739486305317,378.819756
94,4824.828496450095,0.018857490118360985,378.855126
94,4926.117731107483,0.03136727749454982,378.943503
94,5146.05676125664,0.021249997688790448,379.134455
94,5168.333974182859,0.006785238081520335,379.153693
94,5189.8381302719945,0.005470765708892814,379.172321
94,5207.073525078253,0.4446385845369207,379.187136
94,5290.964672958735,0.03051043276995994,379.259419
94,5343.806741497971,0.012398419416625483,379.304932
94,5359.261621894682,0.009122198822780774,379.318036
94,5432.311522475158,0.11161542158592394,379.380678
94,5475.139244344693,0.017890843165577097,379.417398
94,5522.99217104301,0.01782882457270952,379.458183
94,5559.30055784146,0.027495418824457076,379.489286
94,5598.640051140408,0.04545843800995638,379.522839
94,5631.782670412276,0.002039486349484797,379.551063
94,5779.00891202763,0.01832190923999527,379.675912
94,5823.045031078135,0.005794941605411624,379.713012
94,5839.053240219175,0.006572387860919821,379.726622
94,6193.962365425417,0.02211892921928244,380.024546
94,6338.8652267232455,0.037302140240712156,380.145089
94,6365.082621549681,0.01834583988621318,380.16684
94,6468.252202042739,0.28283110349539514,380.252234
94,6483.814555697778,0.15130446326698183,380.265122
94,6640.799207978618,0.07475094499060389,380.394379
94,6702.388957075295,0.00326307550523098,380.445057
94,6759.722256267263,0.05586042259131444,380.491921
94,6795.1349941908475,0.03976316568870803,380.520744
94,6819.950839485921,0.01957557865794532,380.54111
94,6864.918023808624,0.03153880115441627,380.577843
94,7182.706416417224,0.05733280815003617,380.83534
94,7289.251731403882,0.03775775488943236,380.921042
94,7502.305816997945,0.08004250090556858,381.091628
94,7771.919383522674,0.006210161791725964,381.305484
94,7860.351211575941,0.007735009348717486,381.374959
94,7911.061030149361,0.40127650217649924,381.414968
94,8230.888155949318,0.12398934974408156,381.664876
93,1198.686405922239,0.02540944185514758,379.522839
93,1215.3092700346008,0.010230544899259009,379.539531
93,1705.737166322596,0.009625168593821775,380.024546
93,1828.917585780468,0.0227552769748153,380.145089
93,1851.1781362961422,0.0209696033495768,380.16684
93,1926.4162742795145,0.00709722220786108,380.240072
93,1938.9013487555587,0.12175886651014255,380.252234
93,1952.1094931422379,0.07680874645668385,380.265122
93,1987.6920088810107,0.002576324010428968,380.299651
93,2085.26942988634,0.03890283481922098,380.394379
93,2162.3527432546666,0.0074953133886328455,380.468978
93,2186.210532165148,0.02650531542302849,380.491921
93,2201.2154097454486,0.11718658224938966,380.506385
93,2216.0513313466013,0.02831400854869038,380.520744
93,2237.359572596804,0.00643388272616605,380.54111
93,2544.207100722366,0.029520260469108897,380.83534
93,2607.3833855040207,0.1422963805156982,380.895519
93,2634.2296578254463,0.010871114637390525,380.921042
93,2792.906159650358,0.0010350739534697871,381.071194
93,2814.289589018295,0.03677709067700974,381.091628
93,2863.003244404917,0.016093528709718957,381.137655
93,2975.958893208851,0.007276095497231272,381.244038
93,3115.580456043488,0.007442204509113243,381.374959
93,3158.417472592135,0.22244167313531757,381.414968
93,3368.9764974437244,0.017083859923613703,381.610978
93,3427.142150321943,0.07241824262770596,381.664876
93,3560.082161022955,0.005679045992383496,381.787714
93,3595.229864232892,0.011927763635485695,381.820026
93,3766.0908548954026,0.15105421816994635,381.976903
93,3946.1114469752924,0.036248672500309255,382.141185
93,3962.1603329650493,0.012793772626093812,382.155817
93,3997.228988799178,0.2290290412894489,382.187656
93,4103.434483583753,0.00552750584786366,382.283993
93,4146.629486791211,0.06385279876049015,382.323008
93,4167.145528684437,0.009844465416395864,382.341506
93,4209.298127481888,0.020463900559834255,382.37946
93,4225.932485591621,0.025777793789300143,382.394536
93,4248.931602639957,0.10920518821261023,382.415235
93,4277.175474898858,0.020836010754094345,382.440681
93,4292.212412567617,0.030754413113396516,382.454258
93,4539.759697965359,0.013016566359206236,382.675791
93,4578.796575151779,0.011388906398799704,382.710752
93,4617.889691961049,0.10392526792224226,382.745455
93,4667.194190921048,0.023687921262788045,382.789277
93,4683.253980499076,0.033378837585397204,382.803514
93,4845.435538155526,1.5345465878870945,382.947077
93,4919.805821537911,0.010634160147208086,383.012571
93,5036.070682936576,0.09522142954744729,383.11471
93,5074.058984273705,0.003942997571850457,383.14805
93,5253.831116349155,0.02083477731061574,383.305003
93,5325.114036795112,0.02124200680249713,383.367019
93,5348.9766443584895,0.01785044706730161,383.387612
93,5370.003351053035,0.01643556469011669,383.405857
93,5399.865421323162,0.0070711535164721595,383.431816
93,5453.748849422703,0.0043221068608825875,383.478426
93,5498.488996902673,0.0075134158407876355,383.516885
93,5545.593915304325,0.03273990043806304,383.557645
93,5613.876384859425,0.029535348135499594,383.616456
93,5687.7421495433855,0.06880578677181577,383.679908
93,5716.706953176134,0.021394892905817028,383.704731
93,5805.77537477165,0.08166512776396914,383.780915
93,5819.769426558383,0.0059324261801035625,383.793031
93,5841.233936609963,0.011013785294550878,383.811226
93,6123.994914962635,0.016779122609913044,384.051203
93,6354.118419141076,0.007865397937450844,384.244828
93,6373.225494054701,0.02340476947581124,384.260801
93,6425.939047837554,0.22152900649041074,384.30498
93,6611.898035028444,0.018521323798921335,384.459915
93,6783.916493539493,0.035356187135994914,384.602358
93,6803.155102405006,0.03875373629894422,384.618315
93,6857.136028655508,0.04865939890655342,384.662744
93,6916.1291826887655,0.005150851780331253,384.711456
93,6989.7167896660485,0.04114020536543069,384.771726
93,7111.133553787817,0.024807094644804403,384.871074
93,7476.26293873564,0.3485426939551356,385.167282
93,7669.83968225594,0.5294843953522876,385.322757
92,8817.957590667762,22.950912924718608,390.420788
92,982.829874926576,0.02340543366734375,383.431816
92,1228.1579111662636,0.016353997244384896,383.679908
92,1328.8379440067947,0.05988940826900243,383.780915
92,1359.2047408479598,0.004981365546900191,383.811226
92,1599.497063403952,0.019495446842629455,384.051203
92,1700.6865160468622,0.02335287516449486,384.15188
92,1719.5741637550693,0.013448923710048603,384.170323
92,1738.175019396105,0.0934147542006746,384.188973
92,1750.024265930301,0.0066319424911718975,384.200891
92,1811.015545665661,0.010503863958589703,384.260801
92,1855.726392156644,0.1265532858561201,384.30498
92,2013.3823363567024,0.008322766474664183,384.459915
92,2159.0075952948005,0.019109675706562627,384.602358
92,2221.008876223889,0.008826025902203773,384.662744
92,2332.9135165146968,0.02111328445000834,384.771726
92,2560.901500231617,0.00305541776908063,384.991847
92,2584.843794786325,0.0068431770350884935,385.014938
92,2597.7472136968986,0.06465217705170664,385.027466
92,2673.5739720629326,0.03214123459127974,385.100288
92,2743.3997763616094,0.14863207252360888,385.167282
92,2906.421973733819,0.2520899742047385,385.322757
92,2993.0757398852234,0.012975001783831909,385.405139
92,3101.5837571372103,0.009282706499064722,385.50795
92,3116.65933052945,0.008364080202152353,385.522113
92,3137.177170599844,0.006291544514840918,385.541534
92,3157.16730024399,0.16388241247419658,385.560377
92,3353.157983158134,0.055042592946954884,385.744787
92,3395.926523711575,0.005617976685551208,385.784828
92,3476.598765935166,0.02543194856036051,385.860257
92,3629.302544485819,0.0032645686587882447,386.002449
92,3668.075492789443,0.001937208981921699,386.038343
92,3858.474371309703,0.059300914842113785,386.214628
92,3891.113113948285,0.015098215495130376,386.244687
92,3967.2703060174367,0.026756243313083915,386.314682
92,4115.048834993207,0.17879644790457921,386.450095
92,4135.439726665128,0.009050871669710697,386.468745
92,4193.428084619463,0.005516375601892389,386.521529
92,4219.944810100456,0.004057766101448882,386.545894
92,4407.8533015288085,0.017488879614811464,386.716407
92,4442.064810943013,0.01554540128548031,386.74731
92,4575.29747198852,0.013921274432901799,386.867497
92,4681.081876649422,0.12035110310626171,386.96248
92,4807.879271484404,0.18104422515575522,387.076015
92,4931.35515818562,0.01793591158647333,387.185976
92,5009.456808772898,0.017968162574063657,387.255357
92,5086.339336894896,0.013313953345778819,387.323462
92,5111.477791734962,0.02853625073023024,387.345698
92,5127.932590985071,0.01571037805949409,387.360212
92,5200.84760683595,0.15733523718211234,387.424554
92,5277.563214426155,1.3282948024801216,387.492023
92,5295.820057468216,0.0060795568039400776,387.508092
92,5396.148213046524,0.8033014910003777,387.59601
92,5485.88625049345,0.08879383671606328,387.674452
92,5522.0555506594565,0.005601964734451174,387.705978
92,5585.257275187592,0.008973685398532173,387.76091
92,5635.052868062205,0.002348835726040622,387.804322
92,5904.1872242050185,0.0710001606856481,388.036804
92,5924.721488226285,0.03384199691572876,388.054469
92,5947.893751799038,0.37304127753437555,388.074354
92,5965.831324383425,0.021222928652610766,388.089758
92,6012.065143121299,0.042020178224731725,388.129429
92,6164.665851999833,0.033523464154329566,388.259833
92,6521.8773043864685,0.031118102664710975,388.562492
92,6557.653964785485,0.89515967446435,388.592579
92,6626.716133297638,0.01567263934978017,388.650552
92,6670.155421822345,0.021939400593771453,388.686896
92,6844.318831167523,0.01466140361777957,388.832447
92,6869.78706069164,0.005764562096607583,388.853535
92,7019.129805780553,0.08080341091264795,388.97749
92,7350.837720266819,0.019447067730007657,389.25039
92,7365.154999470943,0.0344451795995348,389.262332
92,7461.848003533097,0.04935421889200049,389.341102
92,7627.203679277523,0.05310349094678713,389.475495
92,7647.717638453866,0.01590240135688211,389.492054
92,8336.690610608548,0.0016036586401389718,390.04231
92,8534.073560365721,0.41949535897795215,390.198333
92,8634.073667183502,0.0744034012195668,390.276719
92,8819.087295294468,0.3649472086419084,390.420788
91,831.8082108897087,0.27326447811769805,387.492023
91,932.8757208118058,0.2613921928099934,387.59601
91,944.1799920632087,0.018739066152164797,387.607653
91,1364.9128745540224,0.01692271364711165,388.036804
91,1382.652075226047,0.04358067517587988,388.054469
91,1402.2051889574418,0.1152320357367279,388.074354
91,1417.5316502588266,0.01892050221140547,388.089758
91,1789.5269619135,0.00313753283852777,388.463669
91,1813.00659356395,0.0009554632617328094,388.486879
91,1919.0793683838594,0.35447240604323216,388.592579
91,1977.3585667712698,0.008860411082611756,388.650552
91,2014.1018848461256,0.02226055752378422,388.686896
91,2161.400459757812,0.006919918885851556,388.832447
91,2287.6477247557245,0.004627594916249048,388.956332
91,2308.879787893994,0.036245049883665253,388.97749
91,2434.7717659306963,0.012856578727687005,389.100792
91,2528.294252647459,0.014909842573251933,389.191957
91,2568.104753905424,0.01656923242473694,389.230722
91,2588.2568065284563,0.0061825460835538484,389.25039
91,2600.53864817675,0.01088153577127366,389.262332
91,2647.8093889848747,0.03136030101284715,389.308147
91,2681.8063592909293,0.014598507787308661,389.341102
91,2723.094975186804,0.010253032865548897,389.381166
91,2820.853874387079,0.030146507389378272,389.475495
91,2837.968135061716,0.006531502335600577,389.492054
91,2950.56462512952,0.004872222753202393,389.600389
91,3004.678234319209,0.505383887819439,389.652266
91,3049.7826200673308,0.000814081780730065,389.696344
91,3251.88508178553,0.005955230159094146,389.888276
91,3358.9401531432154,0.046036532792834615,389.989877
91,3384.0485300744745,0.015369149952676246,390.013626
91,3579.8624578858935,0.13230747519588384,390.198333
91,3609.030390649861,0.014619728645360295,390.225744
91,3663.291494451706,0.08001478751803909,390.276719
91,3750.1769522498535,0.006348414392836506,390.358036
91,3817.2897879294906,0.25702399213763966,390.420788
91,3840.252127855774,0.042242299678802435,390.442159
91,3858.0002044935445,0.01924343968336077,390.45872
91,3888.5358915908,0.003743620920529369,390.48701
91,3935.376292938517,0.014435517728999552,390.530679
91,4041.6716786252255,0.06720100095554708,390.629253
91,4059.9696734106674,0.010540107618455597,390.646273
91,4108.96124554134,0.002167625009282215,390.69164
91,4133.336679553225,0.004330214711516988,390.713953
91,4219.6050599074,0.006714683484434958,390.793473
91,4255.651837688154,0.023852647555195942,390.826679
91,4297.4174971124,0.018176949198371307,390.864983
91,4400.620731800878,0.00563987590889159,390.959525
91,4429.113613639646,0.03235106102589544,390.985638
91,4454.310918636411,0.03651958680953198,391.008638
91,4471.74751880213,0.053335390618814586,391.024603
91,4565.326942648177,0.026068405890414155,391.109871
91,4593.680092958125,0.010259885077038407,391.1356
91,4651.538202892169,0.031068707210629456,391.188114
91,4673.922295753761,0.018333331063809438,391.208477
91,4840.755405608753,0.009918711755528758,391.359257
91,4868.884160039235,0.016749727870415655,391.384642
91,4969.849223099529,0.014242786092720313,391.4753
91,5027.21793814101,0.04691570228456163,391.526744
91,5041.962526395734,0.003640105512950318,391.5399
91,5095.251765503707,0.0195990163369718,391.587567
91,5154.399106081213,0.019238659648699086,391.640381
91,5376.654445875832,0.1164861041720506,391.837876
91,5432.759004957374,0.004221343053281677,391.887644
91,5491.707792469166,0.02161932222036311,391.939475
91,5722.769325481403,0.013327977370916198,392.14224
91,5927.782463853953,0.010855063392983356,392.321144
91,5941.4591017262255,0.019872230117217754,392.332945
91,6124.222160870799,0.2813741049938982,392.491049
91,6194.026764959877,1.0274092139607096,392.551207
91,6289.262828682816,0.1469071365924962,392.633043
91,6333.209216758472,0.07801276982779384,392.67071
91,6347.593418209065,0.17600385174093952,392.683012
91,6385.763023027585,0.01667639871959233,392.715702
91,6463.230987205643,0.013929398554412137,392.781829
91,6518.391099169203,0.044869257407059854,392.828765
91,6833.779782396139,0.06952714266151733,393.095716
91,6882.282054350838,0.010057363290867441,393.136392
91,7031.512086719293,0.002985501157511447,393.262116
91,7567.2283812136275,0.021587362365966714,393.705231
91,7648.794139630464,0.13442689510656297,393.772045
91,7701.992653000199,0.10696880849041432,393.815482
91,7871.825189184165,0.015510466844155595,393.953738
91,8010.132172621736,0.004322394477416947,394.065357
91,8171.000524093473,0.05153060766284031,394.195378
91,8360.951610422666,0.03735438057626104,394.347359
90,4235.27475859016,3.6029054298226653,395.151311
90,4235.709812707289,3.6375077573595167,395.151311
90,786.9324753674275,0.1575268744548386,391.752659
90,868.731446136727,0.022431419239598193,391.837876
90,1162.8430887883142,0.013621409081696954,392.14224
90,1336.7013200727442,0.0026940495698953904,392.321144
90,1503.2163645986363,0.12626392799376027,392.491049
90,1562.3539959943535,0.5774660083048837,392.551207
90,1642.9591671697951,0.08498034887775362,392.633043
90,1680.1288999575572,0.037897088956976875,392.67071
90,1692.3124572792865,0.0859983508772903,392.683012
90,1790.2825273235128,0.0018668913039361337,392.781829
90,1836.7701397832723,0.030551461268284893,392.828765
90,1861.148924626666,0.03176459378118651,392.853362
90,1899.284402537288,0.026216244451185172,392.891797
90,2102.9679065230857,0.03060334753299555,393.095716
90,2143.790231851746,0.004805079455106271,393.136392
90,2184.668798697875,0.004526656428180462,393.177028
90,2227.6518172907563,0.007419343852828626,393.219773
90,2270.2787905336295,0.004622441335550302,393.262116
90,2319.9884727421627,0.013597131933217297,393.311754
90,2374.8402470364467,0.0610625206683915,393.365966
90,2411.7164091435548,0.6383050960619194,393.402449
90,2478.388394890901,0.0009167599218783282,393.468582
90,2648.5675151928367,0.0013839708695433796,393.635269
90,2688.434066295343,0.017814287544356714,393.674535
90,2719.8202228303253,0.009033501386889665,393.705231
90,2757.200363701413,0.004187926153783736,393.74167
90,2788.173726324129,0.07084652337169674,393.772045
90,2812.382678686979,0.0003200263251877446,393.795306
90,2832.7299290406445,0.03445421330828804,393.815482
90,2974.9399904365387,0.006358833337632279,393.953738
90,3030.1823847329492,0.016358449754040806,394.00731
90,3090.3761101271616,0.0051851933211326745,394.065357
90,3211.4955688618934,0.005904253124501264,394.182231
90,3225.2155807801873,0.01576422689753046,394.195378
90,3383.6375668700557,0.018488534394482486,394.347359
90,3478.1491691757215,0.01838067486461063,394.437558
90,3683.2152778011846,0.014590410762541762,394.632393
90,3714.839261827842,0.07619667692039965,394.662389
90,3747.898567052939,0.04498884951404699,394.69368
90,3908.2346047716387,0.16481721972667246,394.844786
90,4108.581682679548,0.006385372899174404,395.032501
90,4236.183557980549,3.1534394573215367,395.151311
90,4312.975632936653,0.01199344508550811,395.222622
90,4356.9176857176,0.07040811799488994,395.263312
90,4677.258414742861,0.011330134568697284,395.55829
90,5107.9571871979115,0.006265050144751223,395.949995
90,5290.108429947249,0.005404759355344079,396.113912
90,5395.155596995016,0.0006027942492177172,396.207853
90,5433.787841084969,0.011086161487314557,396.24247
90,5507.9883724039,0.007473905476553138,396.308621
90,5649.309251112221,0.019200863896849996,396.434137
90,5740.82069633255,0.039665882307234945,396.515133
90,5774.816642671265,0.01397681424951103,396.545065
90,5789.064493336037,0.02159305300041091,396.557725
90,5821.217368589531,0.22962571303607984,396.586037
90,5905.8712650724,0.00591984605529107,396.660425
90,5971.297430292126,0.006078682629095535,396.717893
90,6124.07203131967,0.62763594941902,396.851453
90,6309.416255322934,0.1413275425325368,397.012543
90,6648.8308917700915,0.01631501350004377,397.305058
90,6684.809102791187,0.021347521739088812,397.335629
90,6732.40200888743,0.2282367787385038,397.376308
90,6813.75785522118,0.08260644515415634,397.445679
90,6834.880745622885,0.007152790146900768,397.463532
90,6918.769651770431,0.027490023568624858,397.53487
90,7299.793391046608,0.003388180739997301,397.855959
90,7419.946841692256,0.015661839863918194,397.956335
90,7602.785881062956,0.05238170237047222,398.108209
90,7742.104379096856,0.14436862865735015,398.223235
90,7879.3163512408455,0.006412532305094019,398.336047
90,8141.516336472242,0.01860782692282586,398.550219
90,8904.830515781465,0.18407646172402736,399.162048
89,838.9999999985938,0.19286666298512062,396.207853
89,869.2725041604485,0.0135159120404054,396.24247
89,1075.428160541136,0.006176954866216394,396.459009
89,1129.1238638297302,0.025465844883440922,396.515133
89,1197.253483735251,0.07773152671595861,396.586037
89,1436.0926251021606,0.03401839854722634,396.833436
89,1610.308748287997,0.059945671659541275,397.012543
89,1896.4929091551862,0.003203578620184909,397.305058
89,1927.0609411454757,0.009564036564427097,397.335629
89,1967.018287860465,0.08976831249099636,397.376308
89,2021.975889018535,0.17226202748581823,397.431985
89,2035.5754753735314,0.04877971412623196,397.445679
89,2070.8680491609775,0.009039281518086393,397.481269
89,2123.7512694214397,0.007356334043602378,397.53487
89,2223.2003132341815,0.0059879910580583765,397.634646
89,2247.3752756851018,0.007685417430864844,397.659195
89,2315.735198153507,0.00797240059810839,397.727704
89,2444.004665823552,0.0013842114649309045,397.855959
89,2480.1988599714527,0.00224203132685678,397.892084
89,2697.903738626123,0.022638169204688013,398.108209
89,2778.731345627892,0.03738139036850192,398.188071
89,2814.457267898917,0.06318676764386587,398.223235
89,2858.1044784189016,0.007286974317196707,398.266242
89,2915.6657035385624,0.025532682256952655,398.322812
89,2929.168939540274,0.0016649001082320075,398.336047
89,2967.344322000731,0.012218290551968424,398.373432
89,3119.3749553180437,0.01692823010339282,398.522181
89,3148.1404558543322,0.0084196050381547,398.550219
89,3200.0093447243657,0.03049322656020587,398.600669
89,3219.378106741563,0.0027079285101081225,398.619363
89,3338.0437967338858,0.0033896153744668667,398.734443
89,3377.8294291770894,0.004756829810161439,398.773233
89,3491.9590858921665,0.010528936006055329,398.88339
89,3508.6604193202875,0.008014302211907387,398.899449
89,3782.619701741652,0.1495200090740593,399.162048
89,3842.884680388399,0.0062632128290437475,399.219433
89,3969.8702360526468,0.01606236180880511,399.340154
89,4088.1973868893483,0.013841735188202186,399.452084
89,4101.310588879787,0.012470838558794684,399.464342
89,4123.213091237835,0.01302283099809401,399.485155
89,4188.869733516158,0.007982746262410636,399.547014
89,4211.083058330784,0.27123104120242825,399.567879
89,4236.882933054096,0.03662710867514677,399.592147
89,4262.423611669313,0.008055785465949358,399.616108
89,4334.020981882869,0.0015646391260452227,399.68332
89,4420.152176636287,0.005372793358224682,399.76385
89,4437.437482550636,0.04205197699208787,399.779921
89,4683.160891406783,0.05739134033439468,400.008322
89,4826.974729668636,0.09966790258946691,400.141195
89,4844.909591302573,0.012326205509801331,400.157643
89,4877.842460792931,0.003858073054222704,400.188011
89,4911.537850188678,0.4126944960836845,400.218914
89,4985.337059747,0.021360749878310256,400.286519
89,5055.72528470366,0.0022538616662402984,400.350797
89,5135.381510078751,0.04398121318443345,400.423724
89,5233.134693981348,0.0004538145046194856,400.512683
89,5259.526571551643,0.0017355587541457154,400.537111
89,5354.2289316840115,0.2891320728294974,400.622497
89,5450.3791775865775,0.047991370811852146,400.709382
89,5497.015291157157,0.0346532444820136,400.751343
89,5760.946898837138,0.0012784646652794333,400.987888
89,5849.383154395555,0.0022813982228131074,401.066941
89,6149.780362177479,0.013550877283354877,401.332559
89,6184.192666417737,0.8905025863035577,401.362926
89,6339.40293261875,0.15988946090774955,401.499071
89,6437.889213825134,0.1407705631748033,401.585101
89,6538.236176298836,0.0034905213502955095,401.672519
89,6635.847908986432,0.0013220643895818262,401.756696
89,6689.358291119781,0.00259201498551801,401.803401
89,6708.339345543714,0.06691972869054175,401.8198
89,7643.0164487455595,0.014329399268217764,402.614013
89,8164.006084288053,0.00399050474122094,403.046059
89,8226.019334182049,0.22347204730711479,403.096415
88,751.7886161461164,0.09993074342509119,400.622497
88,833.1134836694508,0.02149823134624553,400.709382
88,1367.2262944692097,0.06380471519243108,401.272546
88,1424.7936819001748,0.006364169060432751,401.332559
88,1453.884082920274,0.43505283810689116,401.362926
88,1584.8359034980015,0.0722926908831896,401.499071
88,1667.7931157877895,0.08763626520102086,401.585101
88,1803.2098051296039,0.005343503998462673,401.724814
88,1821.4766874145992,0.0029761151284231706,401.743554
88,1854.5026025052002,0.015132572652122303,401.777759
88,1879.1756174624884,0.0006752538692406541,401.803401
88,1895.5081651907603,0.0245212069316879,401.8198
88,2242.9482092476173,0.006197150550317848,402.17454
88,2296.1686161920666,0.017668785095563723,402.228612
88,2355.5852090735175,0.022816430896127296,402.288706
88,2512.9853340064597,0.03938768128373776,402.447478
88,2843.8272013121723,0.0006004299060108394,402.777872
88,3113.9752412912712,0.005162288603113992,403.046059
88,3147.8795401274483,0.059884411085708425,403.079599
88,3164.949467987761,0.08051182149031902,403.096415
88,3268.423547725607,1.1927246933423727,403.198125
88,3447.6175003659287,0.17632727266157414,403.373453
88,3836.3741094593333,0.01909432655133347,403.750086
88,3857.5907410761456,0.22001048055944697,403.77056
88,3916.206152910677,0.004803625038767526,403.826978
88,4006.767279979605,0.0037894076010629497,403.913663
88,4073.542923011601,0.0028721272270920413,403.977725
88,4140.0627259388175,0.007520156673698273,404.04103
88,4202.622421573298,0.11403472246473574,404.100608
88,4258.269040057175,0.017046514933849132,404.153451
88,4343.768966382208,0.06958964518412118,404.234528
88,4456.555598779095,0.002121547457623146,404.341
88,4548.084640991085,0.042991412825596834,404.427237
88,4576.211961383251,0.47274335553262437,404.453697
88,4624.540974003028,0.0010378638883968738,404.499176
88,4739.854090554193,0.037711300042335964,404.606944
88,4882.125344344196,0.020512276295752883,404.739519
88,4943.904648564886,0.009012833627955253,404.796823
88,5014.682743367177,0.00871821918840485,404.862412
88,5074.205954794631,0.0021483202744279413,404.917514
88,5101.969837000968,0.08967103981141505,404.943105
88,5117.6647531621165,0.10090634092350745,404.957568
88,5156.644334666285,0.0018928435058256097,404.993469
88,5237.612976604196,0.02665312582038398,405.067977
88,5282.214017823295,0.14078331938747532,405.108851
88,5385.177605223999,0.1764623797155853,405.203127
88,5452.222105358214,0.040568158055140614,405.264342
88,5692.045542029229,0.01595913120175307,405.482089
88,6099.16689142059,0.00963808917984037,405.847727
88,6115.841681295932,0.003321405510587783,405.862443
88,6149.603872766403,0.003810457788117821,405.892311
88,6167.711966620627,0.037767265344969776,405.908698
88,6210.2775105893115,0.0012615748688727826,405.946498
88,6280.020925487492,0.004652542507675764,406.008322
88,6407.04183297302,0.0035573704313971483,406.120806
88,6584.839151473258,0.02377371374523532,406.277229
88,6895.192897935457,0.24174762473626543,406.547934
88,6927.645184822132,0.005950572621326107,406.575803
88,7001.715551302563,0.0009614261946203293,406.640116
88,7183.747982589994,0.02890151083857748,406.797045
88,7200.005780674052,0.012496170368476002,406.811001
88,7257.1120412306,0.2945258277303914,406.859913
88,7839.127457559148,0.25605844657658455,407.35342
88,8262.121971136585,0.05367849600245627,407.705771
88,8387.850337463144,0.09855091213641583,407.809408
88,8694.999999999993,0.00536138890962879,408.058662
87,5699.546704324206,1.7529947041898999,410.149841
87,602.2254494885022,0.008104913142290268,405.067977
87,784.3664635451398,0.024003389306676365,405.264342
87,823.5393789625573,0.002024539339086554,405.305673
87,871.7088517744585,0.010197491624022783,405.359199
87,1330.4616255283138,0.0011640259651467877,405.847727
87,1388.4740025783688,0.011789279244450467,405.908698
87,1512.9617321746528,0.21563864210677097,406.03992
87,1589.8072924346834,0.004801190891441773,406.120806
87,1804.496712578664,0.006213837763570597,406.345077
87,1999.953658665925,0.10037806170734058,406.547934
87,2026.85886839371,0.0013131911664597431,406.575803
87,2063.9291448752665,0.0026092358703277098,406.61417
87,2203.9396373441655,0.0030963847085047624,406.758345
87,2241.6671568550155,0.017887443723315678,406.797045
87,2255.2301575928655,0.0028134708994544994,406.811001
87,2302.94697061572,0.12356728806166413,406.859913
87,2317.2482750079153,0.0016224653783556715,406.874175
87,2402.8377288125957,0.0056578631853692486,406.961927
87,2576.444050813674,0.100574943465495,407.138742
87,2768.676724437109,0.0010519243646858452,407.332941
87,2788.604899670329,0.13719576511994605,407.35342
87,2920.4960677396375,0.008471104074405513,407.485987
87,3013.503336805514,0.0035531990523542246,407.579243
87,3031.77712337191,0.0013335481982925008,407.597404
87,3140.201573131867,0.030869635683892793,407.705771
87,3212.7618970834837,0.05342103257966186,407.777917
87,3244.4624742564865,0.0369146926923686,407.809408
87,3313.029501805655,0.007853200572615803,407.87735
87,3358.9393202235424,0.0009267765697656811,407.92326
87,3439.7357354674773,0.047980268644991386,408.00266
87,3466.2261914384612,0.002836226462280374,408.028697
87,3543.6544663746918,0.0028562767893585573,408.104991
87,3693.546145107643,0.17266757658656604,408.251984
87,3716.439613823087,0.025240136335314873,408.274353
87,3847.1226935747,0.008052945230836136,408.401817
87,3946.1941820273414,0.0026099897309845074,408.497907
87,4093.93497043009,0.064577830443932,408.64096
87,4152.021615517533,0.0037771644287160635,408.696885
87,4175.863067924723,0.0029105068076262773,408.719925
87,4191.390239190782,0.0047831522114100055,408.734797
87,4268.564420757261,0.010253458962577532,408.809027
87,4369.718743272137,0.0012657507058770386,408.905775
87,4498.965253065902,0.13398220148402912,409.029215
87,4512.222823412091,0.0030364774132359234,409.041909
87,4628.404302936289,0.0026745517950701324,409.152203
87,4674.67493591163,0.0021866262835685325,409.196029
87,4698.157795985654,0.005694899898384969,409.218203
87,4773.256670663695,0.01736732619032932,409.28916
87,4799.866045658518,0.010937255704347603,409.314275
87,5110.663104289464,0.033876590711507754,409.605607
87,5546.3164011397885,0.08815383884733696,410.008948
87,5577.6067026581795,0.008685848754697804,410.037606
87,5661.941577325957,0.01192749187559171,410.115063
87,5700.064073679451,1.2222236281454317,410.149841
87,5950.2408822440575,0.15471140383763618,410.377547
87,5972.578500802212,0.03277598494759642,410.397768
87,6043.456755177339,0.01219067708341446,410.461862
87,6145.668726587478,0.05152602488838779,410.554029
87,6221.447221364914,0.015535919348284686,410.622148
87,6287.197880045302,0.006666421613490384,410.681091
87,6597.744678331092,0.4657671917667043,410.95791
87,6699.925420466272,0.22280102877302158,411.048286
87,6960.627149515655,0.00832924216615634,411.277548
87,7061.033995436114,0.0009513632854453958,411.364646
87,7477.506137628817,0.008387256014019991,411.725735
87,8090.967528529173,0.0014854572137913634,412.246821
87,8379.629503215378,0.046247346264586854,412.488888
86,6863.999999993628,10.296153368590256,415.970756
86,6858.008101618154,1.284010368890832,415.970756
86,942.0117138909961,0.48708128236088993,410.149841
86,1123.072796445939,0.0023271908334008638,410.345281
86,1152.942469324657,0.06389699461431844,410.377547
86,1171.7710463761462,0.01351058334720289,410.397768
86,1212.4212165975557,0.005586245525156032,410.442061
86,1317.398332480805,0.022780941572166067,410.554029
86,1381.1427006861838,0.015051121755747599,410.622148
86,1697.0911391561424,0.21833554252651055,410.95791
86,1782.7687528424372,0.1265702737006942,411.048286
86,1877.9916593274684,0.0006711804840174475,411.147537
86,1955.0773459817742,0.002893338383520338,411.229468
86,2187.5953765788045,0.006966088113546712,411.471784
86,3136.3694359962883,0.0002536477241353538,412.443316
86,3149.8469499015573,0.0036390524947737834,412.456551
86,3181.7155676612447,0.0362140872756006,412.488888
86,3260.154922776765,0.0025995305888079257,412.567634
86,3411.5934184713383,0.006530847729644567,412.719209
86,3470.0692327024976,0.00042914145613320365,412.777
86,3639.777808127171,0.0019891008794489175,412.94627
86,3674.2918789296646,0.012176798966273843,412.980446
86,3762.5389209435198,0.05674608453712736,413.067641
86,3779.7222295052798,0.006868584650714291,413.084699
86,3803.745016201217,0.0020769733445703343,413.108267
86,3829.0542446136287,0.004419938843181918,413.133153
86,3914.00147745754,0.3228862106592516,413.216725
86,3934.967704539817,0.010790018394933976,413.237307
86,4079.37862791522,0.04127210886594836,413.378641
86,4092.909530459848,0.140582925273455,413.391886
86,4284.212289500881,0.005032625639959282,413.57804
86,4354.816251154237,0.0017466659444931132,413.646511
86,4373.64912212427,0.06753810013653594,413.664618
86,4538.472390616241,0.0035445550716915425,413.823412
86,4639.799537611638,0.059534031589309734,413.920754
86,4772.969679140736,0.00243669601444658,414.048059
86,4869.714840158954,0.1297112491901559,414.140259
86,5090.438632292811,0.041725878007849534,414.349312
86,5130.34272491482,0.326805159517883,414.38692
86,5197.976097242752,0.0048285757661947724,414.450678
86,5380.2279007656725,0.002146097391607256,414.621412
86,5407.13265090809,0.011683004664923122,414.646559
86,5445.491087585425,0.00040032595874283457,414.68296
86,5648.337882623983,0.02654372923366314,414.87091
86,5700.8472112053205,0.0010789227527724875,414.919551
86,5717.725277801733,0.10063356336121984,414.935123
86,5883.384294189529,0.0024904010644647675,415.087759
86,6040.432579367835,0.022374298921762494,415.231542
86,6073.878527923311,0.0016837274732590059,415.262167
86,6323.395654884156,0.0014917788520285137,415.4893
86,6518.309022670064,0.000434847731197045,415.664814
86,6860.963369471224,0.3662072951200901,415.970756
86,7223.971972092491,0.07102778030250535,416.2912
86,7656.228831148117,0.001979738640636108,416.667128
86,7687.1417162243415,0.6133763856979261,416.694043
86,7819.761124928143,0.001037139353839085,416.808199
86,7844.343795808873,0.004311873618974873,416.829439
86,8340.622053317236,0.04893301788846434,417.251671
85,845.8548698708937,0.020248704843840643,414.87091
85,904.0960462242317,0.04470204884029606,414.935123
85,1399.7429665884752,0.006333773520490954,415.474559
85,1506.1474156310187,0.026182883166325464,415.589177
85,1647.5075945445128,0.015078634554318229,415.740995
85,1921.28078135189,0.01996940908275851,416.032624
85,2151.6893684862566,0.0021030489511068167,416.27631
85,2166.018862976096,0.04120548431964885,416.2912
85,2194.211053155706,0.0012337087089845395,416.320471
85,2406.111325388082,0.022684143678719897,416.542887
85,2448.2327981123344,0.0017726135171449548,416.586479
85,2551.21505741343,0.3285203480520303,416.694043
85,2681.6576957954107,0.001865041232374948,416.829439
85,2754.0006572074385,0.012630785126681962,416.903989
85,2811.231216087027,0.013623889464617447,416.963021
85,2828.614328721769,0.04846274703425943,416.980916
85,3038.364286648479,0.012618314197163305,417.196141
85,3177.584988532728,0.0010214952280644363,417.338016
85,3229.930580747462,0.0010115937848597808,417.391723
85,3485.454088007334,0.0019394541387447342,417.65005
85,3586.2891787935705,0.004261250753012793,417.751266
85,3601.117555510221,0.0047800210011259905,417.76588
85,3642.6034315028987,0.0030319884902159323,417.807471
85,3704.4652682694045,0.001612795966531724,417.869736
85,3837.671400407602,0.06516346028299481,418.002568
85,3972.905009279415,0.004342779649114104,418.136827
85,3986.7251700083502,0.023103719223868644,418.150531
85,4107.1673451772795,0.00031140380187104756,418.269525
85,4300.107771827302,0.0006510295274353895,418.45936
85,4354.541316905887,0.0024892407051605473,418.512597
85,4373.950530601746,0.03628187878227258,418.53166
85,4388.728241702285,0.0030864572021670504,418.546143
85,4492.870490998775,0.007210491569341868,418.647796
85,4510.483699348452,0.02746643213669612,418.664871
85,4682.773685946796,0.02860136652932661,418.832098
85,4720.745082574009,0.0007824350236360919,418.868996
85,5171.1093514362965,0.013284484891426026,419.300802
85,5227.354821234351,0.08982385040559059,419.354319
85,5296.343464880693,0.29527654339053566,419.41978
85,5409.204434536969,0.0040305474073528014,419.526439
85,5721.129376529617,0.007119412262852704,419.819714
85,5820.57193931794,0.001953147985520118,419.912198
85,5861.162819536852,0.10520604586621471,419.948337
85,6030.7470260582095,0.01248357339465566,420.107199
85,6115.824795361682,0.32302398345470573,420.186836
85,6288.856534145865,0.01977910499774238,420.344785
85,6432.359935321251,0.031408972348306446,420.476027
85,6581.59085529392,0.0023763422038380155,420.61169
85,6603.076222162581,0.014153079783218623,420.631251
85,6829.9856171287565,0.016619114811874076,420.836067
85,6967.764453827284,0.0941527400565264,420.959618
85,7055.6631446549145,0.06823743931938592,421.038208
85,7232.082512341337,0.426566368217766,421.195094
85,7249.915622650841,1.6779433242680974,421.210924
85,7446.178419129465,0.0009810874991012966,421.384022
85,7492.9465319418205,0.2698393752438143,421.425391
85,7785.919963241292,0.024484897917676815,421.681457
85,7994.1875225559215,0.018844744671981488,421.861848
85,8301.0180335336,0.09196636353064461,422.125359
85,8428.83910840616,0.03389511341547788,422.23416
85,9124.014075518164,0.04797857587259832,422.817783
84,4526.765491993516,0.8508811972676841,423.665611
84,495.43882297077636,0.03984351935830195,419.41978
84,666.6427022802787,0.08150141722096473,419.611801
84,1184.1066388118877,0.12353651053865161,420.186836
84,1449.1946638832624,0.011280015294768367,420.476027
84,1491.9809450573457,0.030308050192634522,420.52257
84,1591.8198348293793,0.013351035874699468,420.631251
84,1678.0424137951497,0.004091492715499033,420.724123
84,1733.2794503692587,0.004939605544840151,420.784143
84,1821.8449138042663,0.00688923818507286,420.879738
84,1896.1868607652623,0.036206210229945725,420.959618
84,1969.3991101757117,0.02362888222592512,421.038208
84,2116.2243441106298,0.18950559520711233,421.195094
84,2131.123429323861,0.8528095085282132,421.210924
84,2186.780112526742,0.0017319363603445785,421.270161
84,2333.0036060847424,0.0961034540964235,421.425391
84,2575.8903823453,0.010596639100285493,421.681457
84,2597.2956021921095,0.017112827939139926,421.703957
84,2631.214193647009,0.01260655475338687,421.739472
84,2646.970345537876,0.02807973010626969,421.755977
84,2663.6483123560065,0.0016089029431471526,421.773201
84,2748.189295228286,0.01409981386087882,421.861848
84,2779.644829945215,0.0015762050800214352,421.894716
84,3001.576307655084,0.07298853609610323,422.125359
84,3106.804787573544,0.01011892951210542,422.23416
84,3127.450250092477,0.002076702739738718,422.255088
84,3159.2434425917913,0.0125592963262671,422.288113
84,3231.8926264447864,0.0027856237504749128,422.362896
84,3381.673704079332,0.0029769211488784087,422.516501
84,3584.9312843109446,0.0025268753503126227,422.723604
84,3609.954188437345,0.02517303550086446,422.748953
84,3677.864671210705,0.05910438478526767,422.817783
84,3793.7344524803448,0.224450946053341,422.934848
84,3892.129700162501,0.15194929191506346,423.033872
84,4138.891473911339,0.0036114986524318376,423.280868
84,4175.585372164418,0.002518623363978891,423.317295
84,4306.80743806063,0.01357703345968546,423.447946
84,4329.282146183861,0.0025950425784378502,423.470278
84,4351.219273171834,0.0007506808892810017,423.491823
84,4369.405570429029,0.010814050721034007,423.509821
84,4387.0062009513,0.000896693044980994,423.527399
84,4527.247676488553,0.8403924785949306,423.665611
84,4587.060280488891,0.02007320853224924,423.724404
84,4824.94424509622,0.00785457418729455,423.957163
84,4841.860322205195,0.0010450029353007806,423.973281
84,4917.0781031715505,0.0019745591462436256,424.046728
84,5037.862191128633,0.0028098158642483463,424.163606
84,5105.274241047032,0.05653812239999259,424.228886
84,5234.5236439195505,0.006537155529273494,424.353348
84,5274.158558959051,0.010521224751383059,424.391431
84,5305.482800899294,0.011703592580977333,424.421378
84,5828.617768305113,0.07608809606609095,424.918512
84,5884.845972098649,0.020194040311067495,424.971453
84,5987.030631236555,0.025656252803759143,425.067255
84,6008.668998898691,0.0252687843223697,425.08755
84,6158.605093628333,0.002982636803178656,425.227455
84,6181.129090565218,0.014411168011701976,425.248421
84,6352.093368939905,0.0008083273124325356,425.407048
84,6424.131242855204,0.17507500223469039,425.473587
84,6608.820445989399,0.07692531850320905,425.64344
84,6648.72132011715,0.009959235343711535,425.680062
84,6720.033897345214,0.24866698226844292,425.745174
84,7077.171491930516,0.04184866110368765,426.069293
84,7493.612800261119,0.002997479524557854,426.442142
84,7769.937866071503,0.0011855543177513575,426.68635
84,8158.593361953137,0.013706680101774173,427.026537
84,8304.914894688483,0.015202623228029915,427.15309
84,8657.99711309854,0.2416685369257798,427.456002
84,9125.960785811667,0.601348579411667,427.85175
83,887.895593122347,0.022119041205788597,424.918512
83,934.7791543062375,0.008255529162818982,424.971453
83,1020.9467268932242,0.02309690311754213,425.067255
83,1163.2866745163358,0.005952765882915636,425.227455
83,1183.0490882405393,0.014809681097861953,425.248421
83,1386.0097384685516,0.07923740098041196,425.473587
83,1540.1357499041155,0.042885702714274145,425.64344
83,1573.3263377114088,0.005095002829009896,425.680062
83,1632.8271947253338,0.13820287627827155,425.745174
83,1884.169116947575,0.005673739470701832,426.019403
83,1930.0056936996734,0.022688717779544898,426.069293
83,2094.7432016822063,0.013576236178113746,426.247476
83,2114.931549787839,0.012033315712003471,426.269194
83,2204.1702695604686,0.00115793890126584,426.36545
83,2275.3709670032745,0.0030478681628737726,426.442142
83,2288.2001685627547,0.023035725503521783,426.455603
83,2825.184082638954,0.013682434169587311,427.026537
83,2908.7635495698314,0.06350920295707925,427.114428
83,2945.5554493565232,0.013476175938557353,427.15309
83,2984.174093151652,0.005883650454073657,427.193642
83,3189.0238341434897,0.09830571934296517,427.407687
83,3235.582378371098,0.16856622192243564,427.456002
83,3545.0479427537202,0.0011706693478376992,427.776185
83,3618.7647715599423,0.404981783624176,427.85175
83,3639.5828086443457,1.5160879593196337,427.873153
83,3717.2708185560286,0.13895955640707727,427.95271
83,3735.6992074191035,0.00045664167642084065,427.97148
83,3789.7667190097077,0.014277301597122309,428.026702
83,3811.218235366784,0.004006489910666035,428.04858
83,3831.9791625095945,0.0007800667524114509,428.070002
83,3846.2116046977653,0.003959086762622606,428.084235
83,3937.624951854306,0.15232487061702416,428.177245
83,3986.9151449770584,0.06891518336285377,428.22724
83,4021.139415845726,0.04899925985748797,428.261921
83,4229.614399246936,0.061353894423743977,428.47236
83,4471.493866426725,0.016822491574031158,428.71447
83,4586.2070201741435,0.035878916010727145,428.828708
83,4746.481523558163,0.12410752663863671,428.987545
83,4800.760995099604,0.0011960081288357011,429.041167
83,4822.407513699546,0.0037327719138715012,429.062305
83,4883.976504188556,0.002056352236201256,429.123338
83,5022.681030880804,0.004088536643456125,429.259253
83,5116.799244497002,0.013325386211862583,429.351329
83,5138.4263944409,0.008095204491908743,429.372393
83,5270.937235085828,0.0028026253753585043,429.501271
83,5454.874118918799,0.0392722830757037,429.679336
83,5535.138758455128,0.001990945129573311,429.75689
83,5899.222110256603,0.17471474101997372,430.104882
83,6227.0542316732035,0.0005709811691533218,430.41491
83,6258.4858522496115,0.0036237530292311157,430.444143
83,6681.819339028608,0.37093349506505713,430.838757
83,6784.275395809843,0.1663578417798371,430.933366
83,6939.777224116972,0.00748502144959607,431.076388
83,7186.104976733481,0.1817093549214619,431.30123
83,7483.70425960439,0.0006821189220663303,431.570983
83,7518.829453477469,0.003616187338907537,431.601913
83,7546.037535505464,0.019287272190025212,431.62644
83,7568.804340402493,0.5027866934641658,431.646786
83,7825.002362519025,0.0074835022438411525,431.875547
83,8117.373352016095,0.21382830173149478,432.134127
83,9135.26086886472,0.3989007837921022,433.013251
82,518.087832018385,0.01815529655133903,429.679336
82,890.4004365789767,0.07677197914694048,430.104882
82,914.0000000005147,0.06913950216535925,430.13483
82,1204.2314954343224,0.0034101197692678344,430.459737
82,1543.1835241733086,0.16494316857200833,430.838757
82,1757.7208446322447,0.006519000501221371,431.076388
82,1961.846116710996,0.06920633723119415,431.30123
82,2237.272634424226,0.0014147859712858473,431.601913
82,2259.918638924577,0.006535268832072019,431.62644
82,2278.525749697936,0.29441905736098656,431.646786
82,2342.6716388408813,0.007113171496670702,431.716237
82,2381.879761824022,0.00162879947591953,431.75862
82,2460.689318663543,0.0004873621669317383,431.844077
82,2490.2448224206914,0.0033169173830005167,431.875547
82,2701.111286910963,0.0029815863659960473,432.102222
82,2730.830819105834,0.07267114973273808,432.134127
82,2833.993847637915,0.0013944924934536128,432.243982
82,2853.2100078614003,0.0029962313741320862,432.264826
82,3060.8010913660405,0.002666562317693943,432.485125
82,3302.629980733029,0.0013280293099974855,432.73957
82,3449.1125290298664,0.018665232786399727,432.893141
82,3564.308155922067,0.27357795309140515,433.013251
82,3582.143239947382,0.007186377902607805,433.031855
82,3689.1514982892754,0.00895208579240999,433.142922
82,3723.486846123086,0.0016472642706599641,433.17835
82,3750.2745345601866,0.15634768467272414,433.206151
82,3895.3317142197216,0.03637788176417776,433.355758
82,3987.295568707879,0.001957371254329626,433.450207
82,4051.076144187779,0.007004909809933596,433.515522
82,4489.11029017087,0.0017337549510258003,433.960429
82,4614.168748692321,0.0015681149896103672,434.086521
82,4894.19134779492,0.2926080825464558,434.366487
82,4973.872119327913,0.005137669729699996,434.445626
82,4988.566988218059,0.028471923659975643,434.460268
82,5046.134526799233,0.04695296987355356,434.517262
82,5084.002991007387,0.1007415480971668,434.554779
82,5116.4424695453745,0.0028655427021576077,434.586805
82,5280.929447552608,0.0010762701276082712,434.748689
82,5421.0407187584005,0.0090991918051999,434.886064
82,5464.505773066984,2.0422126192260923,434.928578
82,5596.2165842312515,0.008875796318961427,435.05687
82,5625.419420071334,0.011010362790008818,435.085192
82,5691.706704032184,0.02884210717623705,435.149452
82,5722.862097186806,0.004466802864169811,435.179672
82,5955.996128172511,0.007581809410757091,435.404366
82,6129.8238934269175,0.06484717024906196,435.570639
82,6148.869594310303,0.0025938071491848585,435.588766
82,6217.844143068195,0.03714527508727509,435.654471
82,6294.01162143827,0.025777475211145557,435.726879
82,6402.850994254059,0.002867739960051287,435.829988
82,6459.8902392112395,0.05230508030138885,435.8838
82,6476.88665232679,0.0004570618976053098,435.899638
82,6534.924211277359,0.1134973792291429,435.954499
82,6588.3140000846415,0.0018040542457128104,436.004359
82,6666.99753023526,0.007093335154866448,436.078423
82,6731.92671722044,0.03456489179325175,436.139263
82,6935.926905440819,0.09334559942197199,436.329185
82,7006.742382190085,0.006214419579674224,436.394776
82,7518.791600605201,0.05008631029191607,436.864539
82,8728.027398137236,0.8371541833068495,437.940698
82,8971.46118615668,0.05193490807895244,438.151714
81,432.84574697499613,0.0027921530727740103,434.886064
81,469.1659806450576,0.4813249746806143,434.928578
81,658.9608091092042,0.024424226277330253,435.149452
81,1024.968650683482,0.03453522852252844,435.570639
81,1161.7873068160734,0.011251095126956998,435.726879
81,1299.6909205988293,0.017174797448228984,435.8838
81,1362.030028778599,0.053233134926416945,435.954499
81,1405.4628795843105,0.001272271522847945,436.004359
81,1543.411295527371,0.0006254512695696009,436.1596
81,1670.360056842174,0.002183260036394355,436.302027
81,1694.7734325699887,0.03710566519199531,436.329185
81,1753.6043340309848,0.0018944331865343848,436.394776
81,1871.5915251183733,0.007051150766353572,436.526648
81,2041.8861089174832,0.18138657766399993,436.715697
81,2059.5659526480367,0.0068452472619044856,436.735256
81,2176.652343313031,0.023896703276343877,436.864539
81,2214.22792100148,0.06250660215671847,436.90589
81,2400.499406581507,0.13969045093036692,437.110364
81,2501.8397663091987,0.0011338017060269867,437.221061
81,2516.372995306185,0.012263744136668088,437.236813
81,2573.9642611812924,0.0038006632432287515,437.299736
81,2640.4846799559277,0.00720113848761947,437.371831
81,2730.7350768977462,0.0006137716545072595,437.47037
81,2927.2937844281064,0.002040238046779149,437.681859
81,2989.8446044466673,0.00488415026422167,437.748829
81,3029.2839946929575,0.0013906898011153428,437.791573
81,3119.696589056361,0.003259480412085655,437.888196
81,3169.119801371216,0.37691862972536555,437.940698
81,3266.452692610675,0.0075982870208649925,438.0444
81,3354.3756949054277,0.0014686102798374587,438.137644
81,3367.5550991156974,0.03460260373188775,438.151714
81,3423.855689114746,0.0023643216913336183,438.211307
81,3473.008247582725,0.04893427486254741,438.263275
81,3516.5000139882313,0.3424632258358924,438.309124
81,3549.249420580333,0.006604088948924842,438.343548
81,3566.355689768269,0.0019386432230845449,438.361735
81,3682.199821446547,0.0022198015516247363,438.483401
81,3821.2170799460714,0.07896140407824033,438.628844
81,3888.0754418615948,0.005250092407053862,438.698569
81,3937.9408347081326,0.005549137987924463,438.750462
81,4054.156149314658,0.0011364845065478303,438.871167
81,4142.809727300513,0.0012460190791215328,438.963303
81,4198.401706279651,0.014627985011649108,439.020107
81,4316.06765134506,0.0006956806217133854,439.141018
81,4434.323233646548,0.013523955890480855,439.262309
81,4448.0440353054955,0.010999933281237297,439.276348
81,4666.975725979229,0.04312016678757998,439.499327
81,4733.969262963229,0.0033374492821782206,439.567221
81,4855.872265030574,0.001355712920304163,439.690441
81,4936.199319587111,0.03374943026898154,439.77134
81,5013.571313855837,0.00035685180942642903,439.849522
81,5535.842290175324,0.008290850362440845,440.36836
81,5664.712931629385,0.007623377548161498,440.495079
81,5898.573847531357,0.001055151244673243,440.723471
81,6130.843617947206,0.007322243353020229,440.948676
81,6283.362688883854,0.0017379245961590003,441.09564
81,6431.604318323103,0.002490889838716475,441.237528
81,6784.341935208347,0.20080264934311656,441.572609
81,6901.526702958284,0.003920819147784241,441.683003
81,7596.888844811659,0.11858290013749216,442.328966
81,7729.796583932229,0.010544963043731348,442.450575
81,7758.732160375446,0.012953087205135673,442.477021
81,7779.857599461274,0.07973994483243542,442.496238
81,7837.143847471161,0.010515266214167502,442.548566
80,484.1365336664007,0.012078090079908996,440.383669
80,1108.9688027353927,0.0107659576275807,441.113758
80,1314.8074688700515,0.003534178186251469,441.35074
80,1508.4918465326,0.10946335454793386,441.572609
80,1520.033263835207,0.001494599301679458,441.586259
80,1662.3704145596596,0.02433012666276825,441.747712
80,1776.1841152416062,0.002664501172520271,441.876529
80,1817.9181717334352,0.00149586004030576,441.923594
80,1836.2072360950276,0.0014130723086296165,441.944182
80,1855.217931199864,0.005923829514255979,441.965642
80,2006.011952603212,0.0049397371185203025,442.135321
80,2018.9229082032734,0.01942469502233351,442.149842
80,2159.3889815851135,0.0007131270845007003,442.307345
80,2179.0194696856806,0.049741268696735695,442.328966
80,2288.536291368022,0.002550094179768238,442.450575
80,2329.3019723909706,0.03094026577280225,442.496238
80,2455.310887040461,0.0029316688886190743,442.635658
80,2647.572857383985,0.0034765260324421962,442.847448
80,2768.1480884508396,0.017143660036360604,442.979727
80,2898.6132902473805,0.004987925062176418,443.122203
80,2992.2378600832685,0.14099258114063049,443.224001
80,3030.871623604834,0.006138565729474443,443.265905
80,3108.1492425019346,0.049154909361599906,443.349671
80,3148.4694045503775,0.0011041143561702567,443.393273
80,3222.924072381578,0.024211417073138987,443.473542
80,3301.172050113423,0.0012610706743678083,443.557719
80,3347.2191502889573,0.004188828075223493,443.607163
80,3508.255981292163,0.0079897157790149,443.779672
80,3550.0394789911,0.013220473102901467,443.824179
80,3592.165931785321,0.007176954101344272,443.869068
80,3618.4473705025002,0.01940598030358105,443.896991
80,3636.8342277717006,0.001994876177631048,443.916632
80,3653.6617490843037,0.021333433746025195,443.933674
80,3696.71694987177,0.004358221318746801,443.980244
80,3714.6722725201466,0.059989745629154795,443.999245
80,3782.1656702392256,0.05963422902670335,444.070752
80,3915.2007165172936,0.04017031339583629,444.211273
80,4072.036816598298,0.0017099971757347687,444.375932
80,4093.9282593155726,0.0018724572481716981,444.398782
80,4463.327300890098,0.016646831865992345,444.783184
80,4525.789837360947,0.01650123702582815,444.847801
80,5203.164647158145,0.012932090916321025,445.538942
80,5240.34987643097,0.012779649544688168,445.576347
80,5262.079634216732,0.004958491595927895,445.59833
80,5331.064347456287,0.004395620317048776,445.667677
80,5375.054483719678,0.028849405165701968,445.711839
80,5436.241601439418,0.010559594526973701,445.773094
80,5511.883277070891,0.02802237107052248,445.848719
80,5588.690649687372,0.3301979608031136,445.925278
80,5610.281528657748,0.002541893733318257,445.946664
80,5662.7472241277965,0.03304811568448315,445.998986
80,5689.553100313864,0.04125408543020448,446.025595
80,6163.346775050818,0.057008937742295054,446.491858
80,6180.611964926813,0.061364056493212825,446.508762
80,6211.912057607344,0.004365171259523465,446.539151
80,6468.03926833029,0.017548689961253725,446.787801
80,6527.155628368473,0.00047061541858512757,446.844118
80,6644.166286052146,0.035817055456018314,446.957472
80,6734.779768466193,0.01951185498598356,447.044321
80,6769.944890780798,0.1143654764716871,447.077959
80,7372.090546474329,0.2028006987849629,447.647715
80,7714.134858536878,0.02363945997493104,447.965993
80,7735.035612647331,0.05192665445640419,447.985244
80,7847.980586860863,0.08155415267411582,448.089449
80,7863.548576240552,0.00952440144219469,448.103801
80,8084.979622862938,0.8091499010217234,448.306791
80,8253.889151037853,0.1886486801939395,448.460474
80,8714.903935014332,0.1390379070022742,448.875446
80,9036.59359617397,0.0049728963972990245,449.161158
79,390.8433066439765,0.019643162984015333,445.848719
79,454.5237916586566,0.11230003064358815,445.925278
79,516.4255636098973,0.03350840766143902,445.998986
79,669.2118874634946,0.012263329382157165,446.180899
79,932.2575613037693,0.017812282437146856,446.491858
79,946.8277962435138,0.01730834054744629,446.508762
79,1184.805115827289,0.007403436680277912,446.787801
79,1282.4279488154364,0.0022105286009281018,446.901293
79,1330.8420354169236,0.009374179448191373,446.957472
79,1561.5897296589517,0.017718505707622286,447.224523
79,1703.5085962057456,0.0027156107691247216,447.387491
79,1931.0581205851527,0.10131446432911571,447.647715
79,1978.832755624427,0.013812185980144505,447.70212
79,2106.6258827760817,0.003190107272459048,447.84724
79,2212.0200312764887,0.012721807191747724,447.965993
79,2229.00072372875,0.028255142915047025,447.985244
79,2245.3557423230113,0.00516633197196487,448.003654
79,2334.484584996117,0.004962062874315953,448.103801
79,2402.3282369384137,0.005601052960000701,448.180246
79,2500.1758047463586,0.005599670785207104,448.289698
79,2515.5578523156987,0.4169726356029187,448.306791
79,2547.702303453296,0.16989974382996983,448.342677
79,2653.453731202177,0.07370184068331925,448.460474
79,3029.00755755564,0.042822289319775206,448.875446
79,3103.547567645806,0.04231748271317169,448.957158
79,3275.94415963801,0.0014406828619241514,449.145555
79,3565.611891996778,1.9791182447032831,449.459422
79,3634.370493725492,0.0016284600579213237,449.53342
79,3691.6474270149483,0.016846401176913474,449.59516
79,3742.653710725864,0.005129489525872496,449.649861
79,3843.387275605758,0.008463078252180699,449.757728
79,3918.805232198294,0.0003940575876274125,449.838465
79,4052.095206870393,0.014349554736694164,449.979976
79,4162.131094512879,0.004200863331164588,450.096595
79,4188.573858253459,0.17099641921193967,450.124557
79,4468.667435223577,0.03231661742212804,450.418964
79,4495.769856470817,0.0017263591882489056,450.447699
79,4631.781710109774,0.012841979842078272,450.589409
79,4688.195341535135,0.09921817212646869,450.648034
79,4794.063728487797,0.0013568829318541433,450.757997
79,5278.913747315034,0.002534778697865849,451.255873
79,5396.053635778258,0.018640631834485083,451.37488
79,5469.062019624287,0.07307307804166763,451.448887
79,5514.245479127045,0.07851915642688675,451.49459
79,5551.704945677217,0.006682590449945,451.532373
79,5585.223397550841,0.000504098288821396,451.56613
79,5656.936627180628,0.37792440872554656,451.638452
79,5684.803859345108,0.0033800058504345567,451.666501
79,6071.748978635621,0.11006810916402754,452.052668
79,6567.181905958603,0.026029547132272252,452.539751
79,6640.08182596799,0.016698417585325948,452.610678
79,6702.710629837257,0.007616120745713481,452.671469
79,6762.879647595869,0.003772264159481919,452.729774
79,6907.585101684457,0.0011567964708062272,452.870378
79,7009.797763999165,0.0038301932574609566,452.967924
79,7371.859527289201,0.001878024283419588,453.313263
79,7611.175165336619,0.0922927174353254,453.539105
79,7641.065264637659,0.009374657396097144,453.567347
79,8375.80557904375,0.003501054080423856,454.247896
79,8782.43750400968,0.0038938164794595086,454.617247
78,293.9401501573833,0.04411181435960088,451.448887
78,450.15192509222567,0.112099093050488,451.638452
78,794.3543278699462,0.030286251176258647,452.052668
78,1204.215156526892,0.006128904646857323,452.539751
78,1535.678359728576,0.016619416009075995,452.929035
78,1733.2162540222844,0.05630740255868976,453.158944
78,1900.8102250742,0.015872259478237314,453.352854
78,1915.7345389951931,0.001005516649000015,453.370162
78,2062.6784181320936,0.03854101140088673,453.539105
78,2087.119347068889,0.005074617629885435,453.567347
78,2225.107183030516,0.014000450246301671,453.725164
78,2302.409063688385,0.004463434378286394,453.813198
78,2371.2067285077655,0.00415535538169033,453.891416
78,2419.0049967201116,0.0009095641969276034,453.945854
78,2475.9964770834026,0.0007975665300639992,454.011215
78,2686.5349042414023,0.0025190262006245198,454.247896
78,2761.692720983852,0.0014916708439395856,454.332439
78,3016.809305307136,0.004877340584353214,454.617247
78,3030.5980058407113,1.1817496663243767,454.632583
78,3177.154287977552,0.012089064780313205,454.795025
78,3261.9718203444804,0.0020013254813280954,454.888633
78,3275.1275037165146,0.013365256243567108,454.903315
78,3463.9201399294193,0.003644498106248107,455.110961
78,3495.9209696410217,0.0011562036774823215,455.145982
78,3589.31770894456,0.0006765772753426332,455.248215
78,4051.448726102481,0.004363429628022121,455.74833
78,4068.132198323207,0.0075107551899317075,455.76643
78,4251.126185366915,0.04657076632232471,455.962354
78,4374.115187766368,0.0023004926942712623,456.09339
78,4443.733222712779,0.002696427510847808,456.16727
78,4469.01794605776,0.0013671658767023592,456.194213
78,4603.072628274455,0.019928035855892798,456.335907
78,4619.198803630171,0.005958817553731415,456.353025
78,4824.241632741023,0.027836707680741802,456.56847
78,4865.34263928185,0.04788495899779939,456.611485
78,5096.2619977427275,0.13859539453913897,456.852031
78,5155.951283886251,0.0007585765420821276,456.913479
78,5220.136735303895,0.01837370145522781,456.980404
78,5458.21476244281,0.2555230518879483,457.225326
78,5482.316829003831,0.04919542358728188,457.250073
78,5512.631664231488,0.008061268617560043,457.281147
78,5757.823206121224,0.02053030504354476,457.530986
78,5785.237320137574,0.015872183283363397,457.558777
78,5895.968688670414,0.005905253345707632,457.67082
78,5979.840521093509,0.0010900517006294647,457.755419
78,6026.328207804682,0.0050407565145963494,457.802304
78,6110.157311737549,0.00895632012841135,457.886503
78,6316.350757545035,0.009279952830201535,458.092454
78,6335.108459933385,0.07073155677221288,458.111051
78,6393.259551853683,0.007535008407545102,458.168936
78,6496.58771848708,0.003949203630594255,458.271321
78,6878.130484973584,0.0010453092863415019,458.645964
78,7284.965264026695,0.031076060573863418,459.040801
78,7947.154405344378,0.8677295766173938,459.670819
78,8701.643768623006,0.003614689537004,460.370989
78,8891.863958966233,0.00240175094821051,460.544539
77,92.8353955605065,0.010483474616476725,457.062796
77,471.1477032249073,0.010379832688527404,457.530986
77,724.8518308304467,0.0034878521219636922,457.841407
77,762.935357656235,0.008596783127604727,457.886503
77,932.9913524803231,0.004819249106186454,458.092454
77,948.3591631831813,0.01816739592569622,458.111051
77,996.5487106330638,0.004338770033482482,458.168936
77,1025.26515340707,0.0011766821354254923,458.204108
77,1256.1634519500678,0.0006269895987015995,458.479936
77,1487.9264783019362,0.0012820734078603025,458.755733
77,1729.4452797079523,0.012837840913280581,459.040801
77,1939.351009852306,0.0025590932838038096,459.286593
77,2211.677335079917,0.0006221736707065162,459.603502
77,2270.4433068392177,0.4880019736976663,459.670819
77,2465.300599339643,0.008188508396801727,459.894967
77,2487.615608891871,0.0008530393075190587,459.92006
77,2532.9798161698436,0.004040447223821352,459.972359
77,2644.05274507388,0.010466738912061603,460.099324
77,2841.9407419089735,0.0018268798699998528,460.324401
77,2883.3335732690725,0.001149132763692538,460.370989
77,3036.9648877551717,0.001423384334244395,460.544539
77,3081.255837935924,0.0008158711016903265,460.59425
77,3149.9769722091623,0.0008512388016163672,460.671943
77,3246.206052274276,0.005474845273088003,460.779253
77,3324.625652275472,0.020847071787424214,460.866868
77,3349.999372416917,0.0036470026005434547,460.89504
77,3436.2691100739303,0.041916266412748364,460.991103
77,3482.6380364498095,0.0013643975891425154,461.042297
77,3568.148297843653,0.006457235833672077,461.137244
77,3673.462551590732,0.0074936803654173925,461.25348
77,3757.434546178669,0.0025362038058811165,461.346073
77,3857.075739766316,0.0025288164234731868,461.455586
77,4047.0094719726744,0.043218550378394206,461.662684
77,4077.977652397416,0.0024550511937184473,461.696382
77,4097.489264928728,0.005692975783379931,461.717646
77,4149.9359589019905,0.003333380338319725,461.77455
77,4501.322289749028,0.026177690823731656,462.153499
77,4520.557140109062,0.022927837339682348,462.174181
77,4633.5965751298045,0.007532397896392928,462.294992
77,4797.409801176301,0.001640483511221677,462.469191
77,4812.242459573407,0.00642958370117131,462.485094
77,4883.702384717939,0.025877436671017055,462.560913
77,4974.64731542042,0.011445182324042775,462.657007
77,4995.451815324838,0.013708174741047867,462.678933
77,5121.717549928259,0.001422226680301878,462.811654
77,5166.974931522347,0.04298111656654663,462.859386
77,5221.109376240964,0.00449083685877208,462.916097
77,5253.307448562265,0.09791017751841319,462.949762
77,5460.09949009174,0.0003058519097171331,463.165261
77,5776.27408055107,0.023002817949693572,463.491614
77,5815.713846862112,0.005283663893743381,463.532086
77,5872.519540718235,0.0058686023823577484,463.590344
77,6083.666647104694,0.0014808548391500003,463.805784
77,6409.06282192601,0.06305145225909227,464.134546
77,6854.9900598223285,0.0010984691544809033,464.579547
77,6876.676102930391,0.051307786953004336,464.600777
77,7135.185861735997,0.09328077536879038,464.85522
77,7414.780759254945,0.03880839909366881,465.127972
77,7622.971532553516,0.06363110925317714,465.329201
77,8811.960902351891,0.48207596978128037,466.450807
77,9003.851980918178,0.05664918531143406,466.627633
76,421.8603693169195,0.009410404704924366,463.491614
76,786.9556488729029,0.009776727085565698,463.942476
76,900.6939641881419,0.009461581330201653,464.081808
76,1232.7471484943708,0.012528567482171871,464.48568
76,1328.0345875262817,0.019990731424399524,464.600777
76,1492.6278465403104,0.03312201001338198,464.798718
76,1539.7537072214495,0.04224779972717188,464.85522
76,1631.8181444516786,0.0016607967293527468,464.965269
76,1768.365760253133,0.015851149660939104,465.127972
76,1938.1312905282116,0.03062999163277426,465.329201
76,2109.0829271167827,0.004909925249502765,465.530907
76,2326.6792674951794,0.01555526840366758,465.785567
76,2442.4659630453807,0.6704756148938344,465.920497
76,2514.004829844311,0.0008177961751964017,466.003341
76,2823.0012176831865,0.0007011524112415972,466.360018
76,2848.949145115931,0.005517418278012477,466.389897
76,2902.1293919696864,0.14805801564658583,466.450807
76,2916.674530001725,0.0006031879636056848,466.468019
76,3040.805632795359,0.0028009013254506813,466.609348
76,3056.854131865899,0.01394420677717991,466.627633
76,3192.877844462598,0.06477040474407329,466.78222
76,3217.772282582347,0.0679732202436004,466.810484
76,3235.1580034729423,0.004452144711529926,466.830084
76,3317.029620515929,0.0037745902054301212,466.922705
76,3471.989843584531,0.006737827564108003,467.097304
76,3737.3340985624172,0.0016200567768015102,467.394219
76,3960.9839877362224,0.0005819986679773146,467.642538
76,4427.903741616434,0.037405867057968195,468.154769
76,4441.966107625946,0.011362296947410137,468.170174
76,4597.524791262814,0.005222299601385953,468.338891
76,4699.098838836237,0.010340414897647292,468.448695
76,4732.302185381414,0.0005604704046096905,468.484337
76,4834.921922999631,0.0037246747921725323,468.594837
76,4875.696506821634,0.005063417333878114,468.638547
76,4980.298103438387,0.299017927131673,468.750612
76,5192.8994048094055,0.0006447934304581283,468.977209
76,5370.198019253218,0.007295319987779028,469.16471
76,5728.789922517935,0.12826665568702206,469.540506
76,5859.855117971358,0.06899193650941349,469.676828
76,6029.870425666542,0.005254831680853365,469.852758
76,6066.996667815439,0.0007731961892685021,469.891017
76,6128.3427322800435,0.033740121846340114,469.953981
76,6212.969500416575,0.00029355529097279293,470.040822
76,6694.787184861101,1.3967852146845023,470.530601
76,6760.795551296372,0.008312094748121517,470.597229
76,6856.711712574862,0.03800496092640947,470.693418
76,7125.140580018329,0.05821424441933006,470.961133
76,7381.011153982323,0.007542905930193451,471.214181
76,7586.844187538466,0.06320751992884681,471.415948
76,7853.134684649506,0.02902762801938425,471.675012
76,8463.819251199717,0.10187932661773787,472.259738
76,8593.245755333535,0.008983417298107758,472.382129
76,8693.0894311455,1.6421331952274332,472.475959
76,8729.790917216678,0.1754356906278402,472.510501
76,9122.79859207606,0.002677172343253842,472.876439
75,20.33266805030156,0.008399227065662101,469.16471
75,63.370530504779346,0.010065700324645967,469.220777
75,77.21042825624518,0.023798984168298554,469.236435
75,100.22258688687913,0.019045318674528824,469.265819
75,424.7875889182562,0.02306688631162702,469.676828
75,1111.053309357239,0.5803159968502324,470.530601
75,1243.7674695341036,0.011873380405907097,470.693418
75,1420.40814564112,0.003800400450012466,470.909065
75,1447.1609765920186,0.008916487038877572,470.941741
75,1462.9801659810546,0.03335520113107448,470.961133
75,1517.7292319135456,0.0015928160360010025,471.026946
75,1671.693542335125,0.008530501281489284,471.214181
75,1839.3345937870972,0.02558586713277872,471.415948
75,1970.8610888478067,0.00046236405032529514,471.57368
75,1992.0431816678451,0.008251478743041092,471.599073
75,2055.6683971171897,0.013325499570110663,471.675012
75,2069.561448858315,0.0010762941750064297,471.691445
75,2154.9899677437415,0.0016473394742478559,471.792897
75,2377.9903290840407,0.0025440750643432853,472.057396
75,2507.721047815714,0.013517176619123616,472.210174
75,2549.870014511743,0.045252718723638286,472.259738
75,2619.1568811618567,0.05442662028035591,472.34097
75,2654.2969022212387,0.01083319371329073,472.382129
75,2734.6785939788742,0.7724469909414581,472.475959
75,2764.292016860139,0.1000696305734814,472.510501
75,2867.753024281192,0.0007714262696866312,472.63108
75,3079.9744676007595,0.0029475276892807264,472.876439
75,3139.8818821082887,0.02175963270731037,472.94557
75,3180.1029141654853,0.004948766415224212,472.991717
75,3292.1036138971886,0.015612668265550063,473.120254
75,3379.7098718688735,0.005652481567498063,473.220463
75,3442.3177640693566,0.001053928481101025,473.292049
75,3536.8004050972304,0.002276410258127844,473.399397
75,4002.295932844483,0.012506826097235715,473.924234
75,4051.9846714690175,0.002643368964662074,473.979614
75,4084.9725016523344,0.0027037256189008096,474.016591
75,4109.387937333217,0.010397217386817655,474.043794
75,4160.0559267966055,0.08838489986097409,474.100201
75,4176.8650623395615,0.001855162138859041,474.118971
75,4198.245026319902,0.0012527223688682664,474.142519
75,4218.901823419867,0.004074043125259432,474.165615
75,4293.839399629302,0.005077971835679148,474.248636
75,4644.66462610267,0.0014766411885924668,474.635221
75,4700.201008903375,0.0013778924021449035,474.695853
75,4915.858285087159,0.0012534543571359137,474.931113
75,4954.998500048839,0.01092405776799428,474.973251
75,4972.298198646044,0.005161556311300569,474.99192
75,5127.321481643493,0.001659636387546796,475.159313
75,5373.065254289562,0.0039835435724353205,475.422904
75,5436.723088316373,0.011294250372206138,475.491031
75,5771.856929528249,0.002500356731072733,475.846331
75,6151.801915492389,0.04571746462687515,476.244151
75,6224.073505117359,0.0015247030866749126,476.319275
75,6288.105770445458,0.008655297907721541,476.385649
75,6315.911905112353,0.0008378829164169104,476.414427
75,6664.075947772402,0.00041071285584980523,476.77192
75,6897.320395622147,0.00753412921215739,477.009743
75,7130.896444714702,0.0014546213483547354,477.24565
75,7151.2865442341,0.0005554660584467985,477.266558
75,7599.014370737032,0.06407427033311953,477.71294
75,7652.255621631076,0.013211836843988842,477.76567
75,7786.59806274614,0.0028544665744143277,477.89773
75,7852.8917023495105,0.8847704862204022,477.962981
75,8312.140267024119,0.04822055427217131,478.409831
75,8705.839842086009,0.09555497158785566,478.78691
75,8770.872748482045,0.1263477972050068,478.848619
75,9007.861276605456,0.42426183154396496,479.072563
75,9029.082018726134,0.0037319766024383394,479.092619
75,9235.444620735037,0.010988737767521886,479.285526
74,4552.884953996445,0.6107710407904483,480.947754
74,597.1451104879532,0.016734602616460183,476.244151
74,709.121834731759,0.0031338763791942037,476.385649
74,853.4877517679746,0.08237503337247906,476.567859
74,1033.2922663945276,0.11253669812157079,476.793327
74,1135.5944794075092,0.0016827492902853245,476.920703
74,1430.3186769911092,0.0017491366682839923,477.286861
74,1672.4652182201257,0.0004698537521416619,477.584019
74,1699.1787054615565,0.0021825027776362456,477.61679
74,1717.8363303368317,0.0007930834829064085,477.640385
74,1757.535791653602,0.0016807507736942983,477.687811
74,1778.115036547222,0.029392605658999905,477.71294
74,1821.510757711719,0.006531998437556082,477.76567
74,1859.003088034211,0.004652174282411357,477.811351
74,1892.997633904747,0.04554462728245207,477.852737
74,1930.132233729416,0.002012355817217163,477.89773
74,1983.891155657541,0.39402409919987663,477.962981
74,2142.9375638834267,0.0011283635442970368,478.155712
74,2308.5228986023917,0.001154263293286823,478.354195
74,2354.9647266067564,0.02071237943127891,478.409831
74,2369.9016851763486,0.0018036051031147281,478.427448
74,2389.0595517010347,0.000640030679925502,478.449968
74,2639.0528353611635,0.002306222553505559,478.74871
74,2671.73587980571,0.030942893648729007,478.78691
74,2688.083577491063,0.010707943054360146,478.806316
74,2723.87473839441,0.04959163640517756,478.848619
74,2768.1163861933346,0.001451037849633741,478.900919
74,2781.435133005799,0.0026533755532908267,478.916602
74,2802.919191651842,0.0007700985400789411,478.94261
74,2913.8621557678957,0.2624984021041743,479.072563
74,2930.8492011030635,0.0012591156834758292,479.092619
74,3082.893780734779,0.0010079292767254762,479.270584
74,3095.6700879792984,0.008882841370226196,479.285526
74,3214.6716434616715,0.0025054202641140674,479.424641
74,3280.4949158346026,0.0030055753446802825,479.500829
74,3300.9789685019214,0.004102048327648664,479.52453
74,3349.810365235442,0.0002328471366545471,479.581827
74,3388.214684131037,0.003610787757048248,479.625465
74,3474.5691219396986,0.044026173449531844,479.725376
74,3540.0184975637803,0.000673872256990125,479.800771
74,3560.231478577507,0.0013447628974808446,479.823768
74,4180.244712296482,0.012836210837519317,480.529878
74,4458.599174837383,0.0008625719328122361,480.842418
74,4553.372239669148,0.8171903244573706,480.947754
74,4610.302369599082,0.0031817080410315077,481.010973
74,4686.738777005929,0.20942252086118868,481.095829
74,4768.608970276059,0.005414281905700169,481.186498
74,4801.132439069386,0.0003135203897894017,481.22247
74,5075.853770044298,0.14387772758418624,481.524169
74,5362.986767782928,0.023340484318512208,481.83667
74,5416.0828146761105,0.0012319849614632475,481.894329
74,5513.7138842943305,0.0483896908409601,481.999453
74,5813.819074107182,0.0071326757727799995,482.321205
74,5827.789639319822,0.00683702138351873,482.336184
74,5906.892904202731,0.43004224688869186,482.420253
74,6162.096183356868,0.004451417055665077,482.690289
74,6458.068252128064,0.00804440174142157,483.000902
74,6695.166753716672,0.540925118114778,483.247123
74,6821.234576686877,0.007752091774079704,483.377353
74,6858.069464661,0.10018752729090029,483.415302
74,7293.244344886343,0.007938080480637068,483.859595
74,7309.714840514827,0.012071715621810688,483.876354
74,7338.396313075279,0.0036324045826678832,483.905522
74,7402.900561526321,0.010662607311902984,483.970634
74,7747.352127626297,0.002791279479806083,484.315869
74,7822.193919983071,0.0014158008590945046,484.391773
74,8306.13208419837,0.050831478995728346,484.868051
74,8878.973968879001,0.18213819219925423,485.422417
74,9237.387463174467,0.004751240961394465,485.763288
74,9765.150321593932,0.1175144720359185,486.257453
73,5077.4783587884485,1.4384236793188045,488.12262
73,45.13609356060694,0.012904375242731258,482.053989
73,762.6113992871852,0.001292911167249999,482.981444
73,971.1595203816373,0.19822357822890596,483.247123
73,1073.8909612290875,0.00207773743702307,483.377353
73,1103.9310018526419,0.03125421846665942,483.415302
73,1284.0796154113166,0.002073475828633427,483.64263
73,1413.4177619261081,0.0186377104596484,483.804354
73,1471.0860937424068,0.004916453238372705,483.876354
73,1494.448490919651,0.00034201529757020414,483.905522
73,1546.6543255482509,0.009878808592694518,483.970634
73,1693.0174691321092,0.000687541836787493,484.152566
73,2079.079041749145,0.006465654683701664,484.627875
73,2098.4204461991885,0.03434747878761458,484.651619
73,2275.931870102092,0.012432379626856437,484.868051
73,2348.9713933745693,0.007921974484980675,484.956828
73,2361.240405823288,0.26622607369517287,484.971699
73,2485.1736330944887,0.0248795280742322,485.121651
73,2499.008023786146,0.0017419179434309659,485.138269
73,2533.0572593967377,0.045929222680525295,485.179461
73,2735.218613391098,0.05805288619281372,485.422417
73,2831.275946168682,0.00027205523557802204,485.536435
73,2884.6210085567573,0.0006201709274127101,485.60081
73,3020.951768139737,0.0013286451968973667,485.763288
73,3096.0461224423243,0.0014640274309614357,485.851662
73,3162.296399877698,0.0033560358672801815,485.930566
73,3502.15309762372,0.0006231325790581821,486.329045
73,3544.3096791846137,0.0028710493186122447,486.378763
73,3764.2814713864227,0.0006236027486632993,486.633994
73,3782.9808351110296,0.002026068624172684,486.655853
73,4049.710488120622,0.005628894080510128,486.963403
73,4102.7717362444855,0.08024321445447179,487.02412
73,4223.013871989533,0.0009370486407171489,487.161381
73,4313.944420811551,0.03093921734256234,487.264977
73,4585.6383487710045,0.16709621532687072,487.572576
73,4702.532006735556,0.002376843548336237,487.703951
73,4775.4259208883705,0.048210612746729345,487.785695
73,4911.037731651448,0.10527898671585889,487.937176
73,4976.115352978499,0.40867959010641897,488.009558
73,5031.575984876222,0.02262524454693721,488.071258
73,5045.433927386501,0.0043229249090116426,488.086518
73,5077.969131093776,1.1986683121501178,488.12262
73,5234.682558048892,0.005715531004324675,488.295939
73,5312.016910252287,0.006780942834831,488.381003
73,5383.870408261975,0.004733417376511597,488.459857
73,5716.83676044958,0.009462092817673993,488.823106
73,5805.292204929856,0.0005522538867682438,488.918639
73,5918.250766827625,0.20762675015165932,489.040722
73,5959.863826967192,0.03913770088916974,489.085569
73,5993.903444775549,0.00553409996254754,489.122055
73,6143.032323547286,0.0023517150294325496,489.282043
73,6198.164330009366,0.006050760431784167,489.340752
73,6373.744103731131,0.0024900630968580123,489.527952
73,7224.242532262309,0.049199989598828334,490.41632
73,7415.059704669647,0.08615737588287166,490.612091
73,7500.5071335704715,0.000755349030776225,490.699303
73,7901.598408371353,0.00809836724824566,491.105768
73,7917.396726135786,0.019095686539923083,491.121416
73,9407.942775608451,0.03402303159892432,492.579697
73,10037.78010041462,0.006141080042126353,493.170083
72,264.643338458819,0.046586774002043835,489.040722
72,298.87941710347314,0.013208023001431842,489.085569
72,464.17134761782074,0.006029232504731988,489.302672
72,717.275902275181,0.2366456932585644,489.63218
72,947.8329942310766,0.001441938301311217,489.929818
72,1176.8777242513868,0.0031024256648144385,490.22344
72,1327.9445164167548,0.018110326240113817,490.41632
72,1551.3311583496316,0.000906529251558637,490.699303
72,1677.3372823364823,0.012465717693646752,490.857955
72,1741.0713917008195,0.0007231759550300324,490.938344
72,1874.9905443149325,0.002449557217277823,491.105768
72,1887.6093148049542,0.009647941604893594,491.121416
72,1991.2403516560441,0.006804505946084508,491.250697
72,2042.6079407139293,0.0010201833818416026,491.315208
72,2232.376526465912,0.0063140098729063164,491.549297
72,2247.98431941304,0.0024751005574018083,491.568615
72,2337.498940652119,0.00741255469720421,491.678835
72,2395.5151297387474,0.00034346750030865586,491.750407
72,2603.0707183955424,0.0012113480361895955,492.003419
72,2669.0878480574474,0.0008969574751858918,492.084348
72,2697.2973930386866,0.18176181280195788,492.118931
72,2955.8452383297836,0.017290404732313278,492.431854
72,3078.736871080206,0.01869765510233807,492.579697
72,3231.7463589362173,0.0037258376763643843,492.762817
72,3319.4044360729827,0.013630735404631535,492.867422
72,3381.0861934790064,0.0036884574378011265,492.940785
72,3494.179419939928,0.0025205934222269633,493.074991
72,3635.955626030109,0.0031206874655564784,493.242572
72,3663.183803071311,0.004305817444417431,493.274542
72,3802.7786658004497,0.0022488229976404023,493.438621
72,3915.823900789291,0.00406471023953411,493.570789
72,3933.1211486367624,0.0011987342468295103,493.590997
72,4374.194740521838,0.29183752210602815,494.10208
72,4528.8508873236415,0.009064934815760237,494.27952
72,4572.618230671794,0.0026639092589391673,494.329692
72,4633.528078236997,0.0020737529375323234,494.39894
72,4865.391801735428,0.0031207599435953944,494.662505
72,4884.381865146531,0.45228315765167676,494.68388
72,4991.1656736689,0.051663996043307556,494.804447
72,5022.828695065067,0.000714048856245496,494.839683
72,5072.018491486951,0.05122231175351698,494.89561
72,5234.9998110988845,0.002791167773289773,495.077935
72,5531.165515119709,0.009971343105507758,495.407312
72,5680.272321033951,0.000468441266302891,495.571607
72,5750.872061889043,0.005265901423110702,495.64918
72,5827.7973403221695,0.0004756796596366097,495.73365
72,6024.219615295503,0.02391300574068968,495.948238
72,6175.51722927559,0.0006182246732739679,496.112778
72,6359.657416275962,0.05878210134202199,496.311056
72,6734.6528104349645,0.08266618887373364,496.711722
72,6916.224203754162,0.009640107587642199,496.903897
72,7567.997678484994,0.0011495350500556902,497.58334
72,8130.122463260702,0.15182559289724024,498.157552
72,8205.820674365543,0.03592185062760958,498.234105
72,8540.802951149317,0.003230311486031328,498.569079
72,8623.359541894913,0.002405640522115712,498.651561
72,8648.069890891278,0.40502972478779653,498.676327
72,9879.672454346945,0.004240885529626353,499.872043
71,401.2355183351103,0.004010122537670773,496.112778
71,525.4227866538043,0.0067585291464528135,496.276615
71,551.3486080071453,0.022684149466008885,496.311056
71,856.1177580156883,0.05466889845073362,496.711722
71,957.9246886189262,0.0032132283891486376,496.844874
71,978.818899993641,0.0007503215343613901,496.8724
71,1463.73613523154,0.0013917746966504215,497.49926
71,1476.8129690218116,0.0011788482273112086,497.516148
71,1646.9005924653607,0.008906847746660495,497.733694
71,1811.2731319171041,0.0007526361141385266,497.942392
71,1898.083873713431,0.0034219310382968787,498.052768
71,1981.0537307918325,0.048366314946137065,498.157552
71,2026.3001138185296,0.008855689450529083,498.214606
71,2041.7987634198348,0.011062796604064425,498.234105
71,2063.3694771321484,0.0018720774934972673,498.26159
71,2115.465796054553,0.0013776757124727963,498.326617
71,2137.6130870869815,0.00121625648239271,498.354026
71,2164.0528554652383,0.054816073329816785,498.387751
71,2309.1451357797846,0.0004844876004169487,498.569079
71,2338.1656383310255,0.00041825465974733636,498.605177
71,2394.9775302534003,0.13769377072921982,498.676327
71,2712.9318900871335,0.060313647377790686,499.070049
71,3075.7009752649824,0.026414330066854817,499.514188
71,3104.9992502789114,0.014771707157790316,499.549901
71,3203.2231401302506,0.0054609710452744415,499.669161
71,3244.3604420613055,0.003135957766213735,499.719013
71,3371.130002451754,0.001769509104729446,499.872043
71,3614.3725444364263,0.019784803145429988,500.164124
71,3698.840396289084,0.00277722691118341,500.2649
71,3714.588323917922,0.0032210373654858117,500.283886
71,3836.5998204391144,0.005846546734490337,500.428892
71,4097.406575743139,0.006568806035644227,500.73715
71,4111.260380370801,0.001325878006645997,500.753409
71,4134.177859851284,0.0026713758932869966,500.780338
71,4303.041616525653,0.0007217907600932261,500.978373
71,4568.701867743026,0.016118630170683584,501.287527
71,4714.845239568062,0.003925202862731791,501.456357
71,4803.0477425001145,0.004591116053846116,501.557974
71,4898.786710307155,0.0026664025350465878,501.667714
71,5141.986229945422,0.021209826434973152,501.945314
71,5215.183994162183,0.0002695737947932105,502.02815
71,5313.648063851031,0.004017052534500483,502.139814
71,5424.936508857838,0.01054154046526924,502.265345
71,5469.639485131079,0.004087786289514323,502.315615
71,5643.963344378139,0.029426562648850057,502.510948
71,5724.917706619969,0.004715034935282363,502.601394
71,5837.832655457228,0.00033346433050449406,502.726365
71,6178.845622890727,0.017521552293367246,503.103231
71,6406.073464315061,0.000994196740869657,503.35165
71,7246.121398868764,0.06389572570363951,504.252813
71,7639.126028154451,0.1330462348912053,504.665559
71,7655.232805181338,0.0019144019589120698,504.682011
71,7849.054394796262,0.02271078182532715,504.883605
71,7995.117908010317,0.036455771351567724,505.034436
71,8057.711820525678,0.0038811318156252218,505.09904
71,8175.108410577216,0.27832335190085383,505.219248
71,8803.831169596584,0.0024364513935496374,505.854883
71,9560.119373263813,0.2851405687481545,506.601398
71,9620.735029033662,0.1997781266159584,506.660463
71,9717.993183663877,0.1398561883264178,506.754803
71,9909.008572217415,0.75463435222407,506.938666
70,3309.51980139769,0.6035301206657853,506.938666
70,283.286813614742,0.013234615978081107,503.041451
70,490.9744875967355,0.001232599850646718,503.321802
70,514.0815105098529,0.0032106786793655393,503.35165
70,676.6258535882313,0.010494644568336188,503.569839
70,934.6971593171604,0.0008068731417044231,503.91332
70,978.2753015663122,0.014234359767183105,503.970692
70,1048.5439840755748,0.12893084507448974,504.063552
70,1071.0684667052672,0.014163860385403173,504.093161
70,1109.8827104971606,0.0015418590210057133,504.143856
70,1192.405029446138,0.019452431835083116,504.252813
70,1375.1727320308505,0.01370974768810459,504.492093
70,1438.5875550867725,0.001615756757907293,504.574852
70,1843.8647381934354,0.0034793488521450183,505.09904
70,1937.4933498226612,0.0791725321829516,505.219248
70,1981.2870711218288,0.002268231705837645,505.275125
70,2023.9114807249027,0.04514761950147401,505.32972
70,2100.174850786923,0.0016611584126957728,505.426777
70,2179.5630419270274,0.0020679707096455825,505.528165
70,2437.9476652940575,0.0007567969568417975,505.854883
70,2534.9432954903587,0.024773308208156215,505.977132
70,2798.422170300239,0.027630518288820658,506.306735
70,2828.927615727854,0.14521077161797274,506.344822
70,3035.8386976824527,0.14976711575648866,506.601398
70,3063.638808251526,0.1836615909671626,506.63574
70,3083.685424547731,0.10367292424385975,506.660463
70,3160.1262007791206,0.04463601824198223,506.754803
70,3241.7920740973145,0.01906103185254999,506.855061
70,3310.0166372040476,0.5917661742290558,506.938666
70,3421.713218971835,0.016566924586565994,507.075231
70,3513.053628264716,0.0030306865666474884,507.186616
70,3539.888152098866,0.0051077817219103835,507.219126
70,3730.775283981324,0.0007223747382087289,507.450582
70,3803.89802463102,0.0005434124774002806,507.539461
70,3859.8501524900116,0.009938379860112987,507.606127
70,3872.7327374162255,0.002406493505782763,507.62175
70,3928.1606624277583,0.010572080885561903,507.688086
70,4098.204587285178,0.0013330441856315989,507.891525
70,4210.803970049965,0.0021725039237252093,508.025879
70,4684.261854962734,0.0014426054675370588,508.584329
70,4758.656473273458,0.04267537910072077,508.671302
70,4948.167515546407,0.0005478640346084958,508.891875
70,4968.5717520918515,0.0012076200198038196,508.915383
70,5096.906295733839,0.004593265743730378,509.063763
70,5169.085506913382,0.02342355109030626,509.146999
70,5229.774893406018,0.03194122914048149,509.216962
70,5434.053228258483,0.0024267752139125647,509.450664
70,5452.164673991351,0.0013975605128605107,509.471508
70,5926.74288384582,0.0018479171407067584,510.007968
70,6166.862621719408,0.007505648673204193,510.276685
70,7238.168585414524,0.002145122833216384,511.447327
70,7333.249345574751,0.010737611730071348,511.549098
70,7424.975956991985,0.4089463020724221,511.647003
70,7881.236824117012,0.006133098634122078,512.129414
70,8056.9125662772085,0.0006637631245068283,512.31271
70,8345.337592128406,0.0010173969482084226,512.611882
70,8422.862471428305,0.1010026856018174,512.691777
70,9338.000312586173,0.2042856285224497,513.617656
70,9924.853545516171,0.0023487286171016415,514.195651
70,10208.729304071001,0.050650383066921476,514.470018
69,226.27789254141197,0.022759581470673668,510.255144
69,632.4047675443556,0.004164264696183777,510.809234
69,859.1639230464019,0.0077841690033624185,511.115723
69,882.5208555733452,0.0026145401111655987,511.147208
69,895.2920387267519,0.0020573730694186864,511.164011
69,919.9963403129489,0.008489680710123492,511.197711
69,974.1712310199404,0.03489152899565986,511.270261
69,1183.0690591781033,0.0013512599875762025,511.549098
69,1207.8388377654876,0.0019057327443210395,511.58188
69,1256.4690034437212,0.20219155125028843,511.647003
69,1292.974318480312,0.0017194396474295099,511.695143
69,1426.073084096819,0.014979182810343092,511.871852
69,1732.7402152029156,0.003223895315294176,512.27516
69,2038.0785003610856,0.0018412994887246244,512.672445
69,2053.0234484015077,0.021131068723161506,512.691777
69,2341.2853188027907,0.004372315049327707,513.063215
69,2421.810341419401,0.008643734513903595,513.16634
69,2520.3959666538462,0.0023583686165341063,513.292328
69,2537.360699052424,0.002601492434762011,513.3137
69,2578.9192757921787,0.002789162693400986,513.366875
69,2618.5865119830023,0.0030507568247096313,513.417255
69,2698.083413522178,0.0013517981344611783,513.518073
69,2776.678219370966,0.08234052180227297,513.617656
69,2814.5224811823373,0.0064279207159619895,513.66547
69,2843.262868169805,0.0054186670934719405,513.701606
69,2907.5058179018315,0.0033576054171897862,513.782767
69,2979.5418810265946,0.0010241157485752091,513.872919
69,3042.2221346909787,0.0016366906219871895,513.951905
69,3080.6938331521987,0.0003120126190254746,513.99993
69,3237.220693201165,0.0012953249854947306,514.195651
69,3296.9640508751168,0.0032790971730736525,514.26968
69,3480.72256952598,0.0014272336104148777,514.4973
69,3602.0898588085893,0.021498498283252492,514.647166
69,3624.0561724493746,0.060372780058815634,514.674147
69,3684.8846638111872,0.015965469097640718,514.748929
69,3799.2945910272497,0.0002444114965051068,514.888834
69,3861.151027111252,0.026650965736482856,514.96458
69,3917.6215641028202,0.001224909262324555,515.033058
69,3942.8958724949434,0.019960830737908414,515.064145
69,4359.8280180295005,0.3315988580507434,515.567882
69,4377.165156950943,0.0035271366203731614,515.58874
69,4498.9759228293005,0.0008420208422085379,515.734769
69,4647.421807819765,0.0009119736670825389,515.911591
69,4772.19313376418,0.0009112691573389594,516.05937
69,4930.219802986256,0.0010750625520622452,516.24564
69,4974.307021872801,0.12516009674163267,516.297733
69,5043.69924277861,0.010686743675662008,516.379282
69,5118.989397287449,0.004877059742251618,516.467399
69,5138.013721325534,0.15582669859404197,516.489668
69,5218.813642721779,0.014785236067843663,516.583984
69,5322.557945978395,0.007207782758382122,516.704589
69,5336.763589710759,0.027574862692833883,516.721172
69,5518.439530050713,0.0041142113994436505,516.93176
69,5563.052154733421,0.009872133402963994,516.983032
69,5580.133316291521,0.027434189417983815,517.002624
69,6025.027973450676,0.033961152299158144,517.511247
69,6039.975707188752,0.007615324403177814,517.528211
69,6171.274009545684,0.05608742944827989,517.67661
69,6223.307794133519,0.03768091594262342,517.735351
69,6296.175796470419,0.0017673096404439486,517.817312
69,7170.753806885615,0.029173518808791543,518.785747
69,7240.112449839545,0.02192811504466834,518.861231
69,7293.542568643749,0.0072065699999821565,518.921893
69,7471.776042306009,0.012946132498201252,519.112246
69,7582.762455848189,0.05863647542928269,519.231763
69,7704.51400648903,0.0006449988298779025,519.362647
69,8380.852632240374,0.14904227859953315,520.077461
69,8817.109329488208,0.03584926706931022,520.529591
69,9864.285418862331,0.006592058680327202,521.586635
69,10259.913061971138,0.027875098110795787,521.973192
68,60.34901548524615,0.008050342426306291,517.528211
68,166.38581624428386,0.012523310238341039,517.67661
68,208.38110155781104,0.013677992639818535,517.735351
68,555.3366592460279,0.00902498692754437,518.216378
68,615.3344066905288,0.0019320028062173584,518.299216
68,793.2404687656579,0.0132914657762763,518.543333
68,827.2702228306096,0.022183148528452653,518.589724
68,970.964552238908,0.010651379047641244,518.785747
68,1069.3556732880813,0.005563015272908331,518.921893
68,1114.9011607747216,0.008076501162490849,518.981052
68,1162.6491580588179,0.0035738214985974737,519.045532
68,1196.133830252008,0.0009303359547178174,519.09118
68,1300.5924302660349,0.030820179958488323,519.231763
68,1440.3437697486772,0.0025183105314993013,519.41936
68,1568.2519997142203,0.06638983914071214,519.590411
68,1670.0953999617818,0.1754541717134399,519.726052
68,1687.041038590812,0.0018620622300994055,519.749018
68,1923.0820338384988,0.2789071140147776,520.061159
68,1935.441051557342,0.05265350015138599,520.077461
68,2106.5401404524,0.0018467564205277424,520.302129
68,2170.380079825234,0.000726255702104745,520.385907
68,2280.323255738925,0.016797540158248705,520.529591
68,2368.0252893932407,0.002793423195831555,520.644003
68,2412.47071696502,0.004616681312190992,520.701344
68,2529.7420602760067,0.0018866122756520725,520.853427
68,2734.618194354543,0.07589320969657365,521.117497
68,2820.7237050841263,0.0004958459470215933,521.22732
68,2852.1542060672477,0.2133268369259532,521.268133
68,2966.147913677165,0.002677008563627505,521.413368
68,3050.3347892894562,0.0006348749258746694,521.521016
68,3082.201525763279,0.006849749954959171,521.561335
68,3145.7493611282407,0.01136469715253906,521.641876
68,3328.560170460691,0.0016341076735292548,521.872937
68,3407.964647782266,0.00024563458920892953,521.973192
68,3428.0818237859935,0.020575358911495412,521.997997
68,3602.212720057967,0.013401264460293608,522.216023
68,3619.822400364874,0.023537793545546314,522.237996
68,3727.398035337902,0.004583174706793681,522.371713
68,3767.703342119018,0.002868062436251935,522.422002
68,3877.2983198458123,0.003154758444086686,522.557687
68,4036.7618330383652,0.0014955377769203353,522.754527
68,4163.490947305243,0.0010123335611870658,522.910054
68,4195.375745650701,0.0004714413609965131,522.949585
68,4273.840718067562,0.01133801106977208,523.045082
68,4339.438065409111,0.004788225291138125,523.125046
68,4451.638140676839,0.7223064779740284,523.261585
68,4829.910551129698,0.0005335278346255946,523.71784
68,4956.524724015034,0.002510062253536665,523.869086
68,4989.710680640689,0.0036787572151125254,523.908642
68,5089.30461494969,0.11073314382351877,524.027209
68,5255.49122385754,0.0017033408635052517,524.224083
68,5346.154642299105,0.012182870859007721,524.331017
68,5416.799466946561,0.0033380293298879535,524.414217
68,5647.195573262347,0.004806077199451092,524.68379
68,5843.235018497722,0.10867057038561301,524.911532
68,6287.18196566229,0.001227242856639395,525.421773
68,6330.865266548247,0.002169577307381942,525.471617
68,6622.965754582875,0.004103964402497898,525.802656
68,6938.908072715713,0.10302172875042513,526.156819
68,7036.663233951467,0.0022272581055259254,526.265736
68,7280.292388956318,0.005326573182289535,526.535604
68,7320.215944986334,0.004969359743242674,526.579445
68,7670.696304641808,0.00027453418379406156,526.962503
68,8759.87842209871,0.0945072037151317,528.123676
68,8831.263890371245,0.0018438213879769134,528.198468
68,8884.29873725539,0.1269767752338953,528.253832
68,9241.621689086327,0.0018711900826895193,528.622646
68,9553.225045288315,0.002558934474262838,528.943307
68,10196.600419272125,0.10639726249213914,529.587023
67,45.88176207041074,0.0021598794187619886,525.233439
67,178.31791369399318,0.0014781163284775221,525.421773
67,701.8843638924794,0.03408081727349503,526.156819
67,1006.1914487195843,0.000982818665943148,526.579445
67,1180.0505436922972,0.1369261123780994,526.817597
67,1328.0161246433913,0.004340211861151943,527.019874
67,1575.4051312125425,0.0018684039587417891,527.355749
67,1616.0961191154922,0.005382365847755128,527.411109
67,1637.0128773850638,0.0169078739323352,527.439424
67,1669.1243879153196,0.0022980195223861713,527.482445
67,1725.3892193275867,0.05800648861195406,527.558644
67,1787.076277876398,0.0016271155328876352,527.641493
67,2104.751439722371,0.0017103401451584264,528.066611
67,2204.162087646502,0.0009997649400517576,528.198468
67,2245.8751497253693,0.04366718418946121,528.253832
67,2445.124468147938,0.0015683223433131238,528.516638
67,2559.657112175475,0.0004839767932048391,528.666301
67,2658.90364248289,0.00176331167652679,528.797221
67,2965.2386868145113,0.0007336512151321071,529.19515
67,2979.214514033091,0.0014814869730061934,529.213358
67,3194.411073996395,0.0011663010761146502,529.490744
67,3269.650339239986,0.051971730971181296,529.587023
67,3323.7102402118717,0.007508847496460064,529.656172
67,3505.735743310027,0.00561780216681219,529.888141
67,3574.706849865921,0.08225185200270664,529.975663
67,3821.98457299336,0.014580426216183974,530.287942
67,4133.75985395605,0.012107048412090786,530.677935
67,4307.994039262945,0.03454156904725473,530.894213
67,4809.311206917294,0.0022258041801737458,531.5092
67,5129.913416965798,0.0648169581667815,531.897365
67,5347.073129022416,0.005955877603002821,532.157838
67,5661.847959979497,0.049103024569198114,532.531971
67,5679.1112731623025,0.0010555783892857637,532.55206
67,6232.2105227854345,0.0036098300028333946,533.19986
67,6262.171218588286,0.00669542380174179,533.234473
67,6480.766332376482,0.014149881432745409,533.486818
67,6654.065694061254,0.0011558431793826003,533.685681
67,6777.927617250534,0.007212472132261384,533.826793
67,7381.748962602228,0.750836646753231,534.506745
67,7509.218988414731,0.014114013079112642,534.648432
67,7669.0098922766965,0.001096092073122814,534.825096
67,8067.194483065885,0.10695835256032363,535.261481
67,8879.096509596828,0.03977236932163016,536.131761
67,9029.580348647813,0.0033643897827608147,536.290143
67,9589.196058407795,0.015078665858430975,536.871817
67,10355.689953015806,0.013364113416199704,537.649409
66,38.176900004627285,0.004449804727751528,533.181782
66,74.51904296767067,0.003026069683599348,533.234473
66,136.19551943549067,0.0032581497207559806,533.323085
66,249.69626916901822,0.011909597842612083,533.486818
66,268.2700791901597,0.0018532761586529597,533.51355
66,454.8673608497647,0.006025550746447702,533.779815
66,488.0394740154289,0.0016783319940401288,533.826793
66,618.9567496247207,0.009967223216227238,534.012542
66,969.4961770575452,0.24309176089089482,534.506745
66,1036.772360360097,0.002612871112081292,534.600993
66,1070.773148126846,0.005693712748770436,534.648432
66,1088.265915477969,0.0008757217092919298,534.672544
66,1107.5662513665804,0.0014658776574517315,534.700801
66,1169.872721682345,0.00721441862474576,534.786472
66,1284.5419748570807,0.02621484616174546,534.945875
66,1359.1065179974985,0.010569836400186982,535.04929
66,1446.2609655749952,0.0008196984287187418,535.169295
66,1466.5892632642067,0.0013943145739872583,535.197324
66,1512.965804692174,0.034024334571837976,535.261481
66,1548.189979645675,0.0012883820466737487,535.310112
66,1701.3244620867752,0.002886054496438646,535.519854
66,1842.4673742738935,0.014214982500073792,535.712598
66,1903.4666703942266,0.0007955426229297569,535.795429
66,2151.9194863684784,0.011027286599402797,536.131761
66,2175.851882013575,0.06028154654787953,536.164061
66,2269.5442340274685,0.002995955634478934,536.290143
66,2332.166724323658,0.006112587338660895,536.374128
66,2356.4218669145553,0.02503126565381457,536.406648
66,2475.7708064805665,0.0009925092829855696,536.566298
66,2607.2449783285774,0.0003859366699232717,536.740882
66,2705.8584480801574,0.008875504658786738,536.871817
66,2874.084222078995,0.022199489148355393,537.094016
66,2907.6724643859834,0.001623546332510853,537.13835
66,2970.0972644326207,0.018407031065915694,537.220284
66,3140.961444953175,0.0017915589999427533,537.443428
66,3175.4925774224275,0.004670909200387865,537.48879
66,3270.8520322634567,0.0030968257426626563,537.61305
66,3285.1770952423158,0.059224769156383056,537.631637
66,3298.8256038043946,0.00712594719601035,537.649409
66,3358.1485803040373,0.020555118030675414,537.726366
66,3386.105535882248,0.13509093058968394,537.762538
66,3595.8502655248703,0.06294706836866061,538.033129
66,3703.3381611143063,0.0025998397738829044,538.171049
66,3793.734274009988,0.00427152768862506,538.286735
66,4003.084609598509,0.006930270709113151,538.553264
66,4137.061931124695,0.0026617323370542586,538.722718
66,4221.013906598426,0.0032586000251478447,538.828747
66,4321.314032436118,0.028928367900125557,538.954894
66,4407.188387470284,0.005493510242796337,539.06266
66,4469.767621707489,0.0006712820377323419,539.140733
66,4492.813274316736,0.003141002350344733,539.169566
66,4563.340099154916,0.007181877670567277,539.257489
66,4632.356080839625,0.00044927266525181844,539.34389
66,4683.813871032761,0.03402816465727895,539.407201
66,4860.803296634017,0.1877561376118791,539.626057
66,4900.430362705587,0.0007504098767525553,539.674879
66,4970.772137414131,0.0062907121252120555,539.76142
66,5115.330528562903,0.003438905137551396,539.938579
66,5182.241612411273,0.06713389821881416,540.020235
66,5221.060018482146,0.07650521023466474,540.06755
66,5257.819966028409,0.013985513297637182,540.1123
66,5300.944685955367,0.02020169154838203,540.164697
66,5504.297663959292,0.009729645216134999,540.410804
66,5720.97054136542,0.0016581305731073698,540.671221
66,5814.828972813751,0.001166087948131053,540.783683
66,5899.7594119660325,0.014488591465888205,540.884821
66,6064.949064626974,0.002198451208335236,541.080835
66,6188.876334317832,0.1860076766273605,541.227294
66,6907.134392613276,0.028272891395590128,542.063502
66,7969.097497992439,0.22715433839374236,543.262144
66,8203.697654816138,0.016955478869542993,543.521091
66,8244.837744570365,0.12412680719364395,543.566187
66,8404.029395718944,0.11661599739265664,543.740336
66,8857.86690785521,0.0009698724264217254,544.231024
66,9268.882019940122,0.0030200725937373717,544.668797
66,9679.104094140563,0.1271571776364672,545.099333
65,7061.741334953245,0.16598162152506374,550.583108
65,390.0102911182579,0.13067318103078382,541.899174
65,503.8253137748926,0.0063449383741784925,542.063502
65,679.7220443712262,0.004399134071690437,542.317009
65,869.7878259153164,0.0011284173549598673,542.587756
65,960.899376440044,0.030934666174587153,542.718646
65,1345.2862026431433,0.09345412706717286,543.262144
65,1449.8117168418537,0.002147626539672101,543.408666
65,1530.102893420647,0.010252809087899207,543.521091
65,1562.4004583701865,0.034539145012592656,543.566187
65,1632.1461397075384,0.006735106788448071,543.66334
65,1687.5325083564805,0.033252239326882066,543.740336
65,1836.3824717244017,0.0003444145372939498,543.946099
65,1973.8770757715547,0.007303528344801512,544.136382
65,2011.7903323122573,0.00045494403420262536,544.189081
65,2028.4283727758154,0.019792098807842634,544.21136
65,2158.549588703479,0.0010542174994239623,544.389782
65,2212.2013204912473,0.01931579771305362,544.463159
65,2238.618042736948,0.0003682572138374861,544.498954
65,2363.29969467048,0.0005978148598728609,544.668797
65,2592.0268542747517,0.003762053956702235,544.978599
65,2681.5863976714595,0.04105564120820607,545.099333
65,2694.466508851893,0.001778052846924292,545.116658
65,2952.1667723872065,0.0002755975905445374,545.461032
65,3140.5421720147347,0.0023776243728574663,545.711974
65,3189.7157068066435,0.002088221682496205,545.777011
65,3219.7825927811514,0.00233819605877246,545.816911
65,3268.0964592135774,0.01557850927950368,545.880708
65,3330.023955006269,0.0004517010019586452,545.962056
65,3410.882149153816,0.0011759391631193962,546.068758
65,3653.1058385593824,0.006606127191114119,546.385519
65,3674.17238287243,0.014966609034355456,546.41309
65,3728.7814517251736,0.004696774573465034,546.483985
65,3796.8559344366963,0.06437106569362629,546.572369
65,3865.4113860236394,0.0006547963473530951,546.660948
65,3937.366875586706,0.0006216266072199031,546.75425
65,4306.697574943917,0.05857044024587874,547.227932
65,4320.447335029426,0.006608138415931232,547.245475
65,4515.282749479536,0.005277879268507961,547.49294
65,4531.875860740527,0.0006218325335374656,547.513744
65,4804.460565362354,0.0017351379171726582,547.857578
65,4844.258644404887,0.004472522504319161,547.907298
65,4890.711237797307,0.00021018164792713443,547.96562
65,4966.257614024636,0.022517441574057943,548.059706
65,5015.203307325349,0.0007452550987945382,548.1208
65,5112.319244149161,0.006601259637157266,548.241376
65,5275.67257345497,0.0015578942200362882,548.44346
65,5567.972336548536,0.010317926260531953,548.80268
65,5619.4522296888645,0.001146650521565793,548.86564
65,6074.949252253529,0.13877232640101766,549.416941
65,6097.098397392423,0.001756713029096229,549.44373
65,6215.742572725298,0.07492272068631654,549.585706
65,6367.277863825715,0.13323015855151002,549.766385
65,6474.560253683668,0.000977468973748159,549.893685
65,6524.166312726313,0.0031532433824805325,549.952538
65,6630.755315403045,0.6597724414403356,550.0783
65,6664.063692151803,0.04257361961040288,550.117547
65,7062.234530690458,0.15964605566735554,550.583108
65,7267.025410758749,0.0005292182060999697,550.820428
65,7362.065404214973,0.002785196418894662,550.9294
65,7556.856475085605,0.385575007390766,551.15243
65,7795.002454098722,0.005381158542204906,551.423157
65,8074.582552104949,0.0005473964126054108,551.737891
65,8249.046899871533,0.0011208180567726543,551.932794
65,8332.77302524575,0.0016211955514204707,552.025731
65,8378.849734900154,0.031580134939904095,552.076848
65,8478.653300485114,0.0005964900783452341,552.187583
65,8606.915361627993,0.05426856386454053,552.328686
65,8832.41136530828,0.014317988356252837,552.575308
65,9115.957608566508,0.0667519325161721,552.883064
65,9374.697840268234,0.01516259245810681,553.161226
64,5585.202095191977,0.11022571871324807,557.401239
64,5585.658777661131,0.12328217370802612,557.401239
64,5586.133029118862,0.13972868194072127,557.401239
64,5586.605299843597,0.1683295780343594,557.401239
64,194.05355627410844,0.14664693999191103,550.0783
64,220.60628043893217,0.019369776101605632,550.117547
64,267.2030521531639,0.0016469875320676154,550.186039
64,331.4257049800011,0.010240357834615296,550.280991
64,536.8503596711089,0.04140663966754648,550.583108
64,716.2302726418895,0.013642291186445964,550.84495
64,774.3571533614877,0.0006396146202590071,550.9294
64,828.9785294587673,0.00973102978154667,551.00888
64,928.0706773873812,0.12709211185614025,551.15243
64,975.7955941943617,0.0031610524770893274,551.221415
64,1197.6015334150466,0.0008974905592745799,551.540254
64,1387.2529548530447,0.0014479950036806399,551.81177
64,1472.2215674498261,0.0008090161411103732,551.932794
64,1537.952643779789,0.0017137167486822491,552.025731
64,1556.758581306421,0.0173701310712195,552.052249
64,1574.0820004175005,0.01203525906365719,552.076848
64,1652.5869913434144,0.0011384010667780595,552.187583
64,1731.3351884311783,0.0008657464153178053,552.298788
64,1778.0163833550914,0.003242146194174901,552.364082
64,1813.6225886865705,0.00046566498642577924,552.414636
64,1909.1321308618603,0.0010569859811659595,552.548684
64,1928.0135659610603,0.00705733398883213,552.575308
64,1995.378997384017,0.0030651349271517466,552.66925
64,2148.8155998166635,0.014876317006898218,552.883064
64,2252.0773105244634,0.000958201022046952,553.02639
64,2278.781759264192,0.008283230440651945,553.063302
64,2779.7185468584003,0.008718445342132022,553.750862
64,3022.407246623545,0.4836748516577994,554.080028
64,3454.1511251036072,0.0030546065620482795,554.659091
64,3511.1303908297095,0.0036277672831269785,554.7346
64,3611.1894951677596,0.004803983945123665,554.867455
64,3689.8598841434396,0.16845252927841636,554.971682
64,3918.977493801158,0.00605960396346488,555.273342
64,3960.8548289737837,0.0015650294304907083,555.328266
64,4251.803062885608,0.021162169460515662,555.707436
64,4368.843932267543,0.1704505843250548,555.858887
64,4389.189261232125,0.00897796423356999,555.885229
64,4561.099635966172,0.000912965233635782,556.106648
64,4692.3310880650415,0.00043975581896477025,556.274828
64,4821.111559385846,0.002311969314725518,556.438837
64,4862.699610710651,0.0035689086247038997,556.491779
64,4928.020457475504,0.02488943223331727,556.574656
64,5272.230365356164,0.006003607406833398,557.008643
64,5296.174593357043,0.005144503853336779,557.038628
64,5330.762283534628,0.0002625134872873845,557.0817
64,5518.873944569425,0.0008234471502111075,557.316617
64,5587.103995024705,0.15006456569322332,557.401239
64,5658.815943250176,0.4830937012651449,557.490122
64,5678.509764462141,0.0011361873782266862,557.515141
64,5873.073187428614,0.021453803832610027,557.754207
64,6028.681306844177,0.009279064076349956,557.94479
64,6043.97701098241,0.00047786117177692975,557.963718
64,6396.750941604893,0.02214709286849592,558.391721
64,6438.232933373943,0.019424834445965433,558.441687
64,6546.250798810748,0.005628238239383157,558.571572
64,6720.995729160906,0.001127461720703516,558.780832
64,6940.845904358228,0.015749637141063862,559.042087
64,7029.942414033083,0.0010296581221777312,559.14737
64,7274.855878083249,0.001138268016985818,559.435402
64,7314.946177570985,0.008119692371615616,559.482187
64,7469.1021971312275,0.2785546926251143,559.661707
64,7621.837464580856,0.012896745048213688,559.839151
64,7937.911870574402,0.04481375964105706,560.20229
64,8497.717987890286,0.035144098816794804,560.835979
64,8721.225223863603,0.012017060842120786,561.085323
64,8746.226120242782,0.03721375101540499,561.1131
64,8846.11024187722,0.2625630695722813,561.223871
64,8971.824317988665,0.26092232090884326,561.362601
64,9482.735288494277,0.00852608287853996,561.920139
63,8.681189562797787,0.014351738853308819,558.531271
63,187.17220219940555,0.007504939255833183,558.800423
63,225.10895020642084,0.21389629838242596,558.85777
63,348.06691748889847,0.004928134801417689,559.042087
63,417.94850880740245,0.0013425866275792665,559.14737
63,438.26253206168366,0.003934676186950194,559.176673
63,551.8689937332571,0.0022504638366434987,559.346117
63,564.9635556358571,0.001829878656340476,559.36717
63,764.9462379972668,0.09103391126609599,559.661707
63,885.5434906646345,0.0028662978219934883,559.839151
63,1133.2544348693348,0.013149336304565409,560.20229
63,1233.093075359469,0.0010381107616562345,560.348223
63,1281.5347527759877,0.006221276452889196,560.418147
63,1311.7826457236372,0.002826063087985344,560.461983
63,1360.0399696031081,0.004948480981877025,560.531866
63,1660.7391085597621,0.0017606600493498884,560.965387
63,1764.0540850705684,0.01249404339627525,561.1131
63,1841.6065171726918,0.07017717806835168,561.223871
63,1918.0191170540288,0.0008337183230654147,561.332909
63,1939.069592497972,0.06925694775862971,561.362601
63,2111.6169396656824,0.0015502048430715714,561.607155
63,2168.7756678152614,0.2008820793307986,561.687836
63,2266.1032875127917,0.00404746890927907,561.825024
63,2284.042284469328,0.0010370565168408717,561.850178
63,2333.9153402336497,0.005746570412089047,561.920139
63,2568.1345422137824,0.003586500248176833,562.247684
63,2595.0182665833345,0.0015279111379412032,562.284881
63,2630.9801377912186,0.0015436276406131679,562.334925
63,2989.1755132006247,0.002835201324046646,562.829935
63,3009.436221092425,0.001461837215982577,562.857166
63,3470.706581265352,0.02822893651994159,563.485868
63,3610.104218842047,0.0012401296003877974,563.673741
63,3951.8366162283232,0.09589876817208419,564.131166
63,3976.603517711701,0.018786825512258406,564.164092
63,4101.685901924972,0.021329909193001127,564.330019
63,4556.278475711329,0.006283992511649857,564.927367
63,4981.8069707086825,0.00030097547286831724,565.477809
63,5159.3363117968365,0.006206165594919473,565.705891
63,5222.684065969996,0.001433640619769886,565.787012
63,5452.0059321808385,0.0012247854611727284,566.078396
63,5882.750173179866,0.02216275037538219,566.619305
63,5913.125787878462,0.002729964995275272,566.657156
63,6114.8890446121895,0.0005731975881795615,566.908047
63,6156.187771778081,0.00013301881274582276,566.958586
63,6304.623744470919,0.012007105706861856,567.141722
63,6404.712449302712,0.004275355806686788,567.264458
63,6580.181771342006,0.0011178992395560834,567.47875
63,7059.82800061125,0.013509369847452995,568.058049
63,7247.968507232356,0.0031164328762137853,568.282475
63,7793.971483757338,0.006431157985931249,568.92623
63,7900.045029615028,0.02217850536507945,569.04964
63,8053.190207739494,0.011816470899614599,569.227209
63,8088.101095402506,0.014668910468282162,569.267654
63,8179.87016341832,0.0038144899855674062,569.373861
63,9422.835593652682,0.0030837720966199597,570.772942
62,346.7047375450678,0.0025694995564582795,568.058049
62,494.48671723932335,0.0010858147748437311,568.282475
62,560.1651990300172,0.001061538355569553,568.381291
62,642.2837450523074,0.0032338624348237674,568.506177
62,756.3560128553879,0.007800846765240064,568.67696
62,868.9849176414115,0.0004258224054292884,568.845399
62,923.0364851654775,0.0022714242641198373,568.92623
62,943.8602800654073,0.0005785286776068425,568.957287
62,1005.8946307914268,0.0075293777026678,569.04964
62,1054.998855355244,0.0013186309944444832,569.122536
62,1086.0663953996452,0.0024501234660393254,569.168792
62,1125.6870018760133,0.004078796715704741,569.227209
62,1224.3888967515245,0.0018910784236597054,569.373861
62,1320.0154979947176,0.0014792545616703796,569.515051
62,1378.8685955432811,0.0010377614632145415,569.601294
62,1512.2338048593615,0.010700737058823368,569.797076
62,1642.588557210309,0.01739807530277396,569.987459
62,1900.2023585345025,0.0015882473224019047,570.36118
62,1986.0603401735675,0.0023687814480849224,570.48538
62,2032.6740720447635,0.0037069888390224674,570.55247
62,2045.4816130228162,0.0020165176659507115,570.570551
62,2186.0822986967755,0.002255854335573798,570.772942
62,2253.0645922589583,0.0669012094727457,570.868669
62,2597.4746910463246,0.007960067176948356,571.358066
62,2680.8919302568006,0.0004048630417692965,571.475805
62,2848.2930361745916,0.017612939198204454,571.711082
62,2991.2223471233942,0.002232535053662204,571.911076
62,3033.8532607677826,0.002741122590356552,571.970446
62,3054.69958145063,0.0003112935655848491,571.998854
62,3086.914807228242,0.0012501289345908612,572.04446
62,3104.228732222936,0.004289380377431823,572.06835
62,3142.046846925254,0.1685901594569289,572.120917
62,3182.4316145674647,0.9884005742405138,572.176951
62,3272.2358520048792,0.009686428731340955,572.301128
62,3313.6168917270984,0.0006587054899308507,572.358658
62,3425.0512653903397,0.0017369209100743912,572.511888
62,3560.379042563418,0.1667927445588262,572.697665
62,3574.5810487287586,0.006823234271612173,572.717119
62,3897.903056416641,0.011763839378172597,573.157204
62,3963.5358847318385,0.0008301460259828058,573.24592
62,4169.7604131865055,0.001519469737990094,573.523788
62,4187.615931539718,0.004365486337897316,573.547627
62,4468.7588951433045,0.0009313923496275733,573.923225
62,4661.912788803625,0.0006391117315099584,574.178829
62,4719.6843638699,0.010729568622693508,574.255124
62,4735.73974503747,0.020123754958668808,574.276277
62,4751.9385148205665,0.006871961750354257,574.297631
62,4805.261689649328,0.02051500638321106,574.367644
62,4848.839532005238,0.0026045431080970265,574.424788
62,4919.275144477383,0.00029280393858979216,574.517526
62,5079.892394969631,0.004425394706263653,574.726883
62,5140.885079301476,0.000782737837590722,574.80619
62,5283.857410860671,0.012527045444112291,574.99157
62,5505.430024688325,0.0005649861388380532,575.27714
62,5593.880001162951,0.001484844405697241,575.390232
62,5650.15022712633,0.17647294385890092,575.462199
62,5861.912647629538,0.002515708293578384,575.731666
62,5971.214516347224,0.003802676159264255,575.869983
62,6079.714653211417,0.000765462758794046,576.006463
62,6115.050467890373,0.0024470492320978286,576.051457
62,6136.562602441368,0.0012446566235609282,576.078463
62,6343.26820606553,0.004746393270582656,576.33697
62,6722.5678974432085,0.002602822276683287,576.80705
62,6802.757895080432,0.002020390360989187,576.905887
62,6828.970687727153,0.042496439718556406,576.937804
62,6861.810602799626,0.09991240244988817,576.978079
62,7104.763773296026,0.013634905039737404,577.274455
62,7201.8021469915175,0.00620722981718326,577.392161
62,7401.27770721982,0.010627565701603078,577.632839
62,7724.988247858397,0.005677341220440891,578.01966
62,7771.883154842695,0.00076845235712604,578.07492
62,8488.648844589981,0.00872878867038751,578.915182
62,8914.091696094627,0.21165424754908077,579.403643
62,8935.95734204815,0.00112980117681181,579.428711
62,9415.807444079177,0.003475309788140196,579.968623
61,2492.601496129573,0.5671077238525286,580.575039
61,67.00070649613866,0.014433011671584518,576.937804
61,92.7977689718156,0.01638805998176067,576.978079
61,283.7746971147441,0.0025025903394531885,577.274455
61,323.5243825442248,0.007210341327965061,577.336058
61,373.18700418271396,0.001266054658310411,577.413
61,452.5510190018139,0.00289842608892667,577.534801
61,516.2077945977143,0.001221919555824526,577.632839
61,553.7399007449707,0.0008146066519826677,577.691126
61,573.9977907948401,0.0021144898043188925,577.721693
61,610.0861363927976,0.0035100358414443603,577.7769
61,690.6876510533967,0.011559625721724195,577.900253
61,720.2262943606421,0.0005447850240348789,577.945081
61,735.1377992537854,0.0038831472728564423,577.968196
61,822.46596813744,0.0031164538697077593,578.101
61,1273.41589322834,0.0008272183227512999,578.78185
61,1502.9298479070853,0.08192819064183574,579.125041
61,1536.4481113415995,0.0007566001649939578,579.174662
61,1596.136790294723,0.0011044271631267346,579.263706
61,1641.7345338552677,0.008173860584044151,579.331068
61,1690.695074265962,0.06797476289078781,579.403643
61,1707.7277088658827,0.0027446773766016132,579.428711
61,1822.8851308002315,0.007919632176002998,579.598634
61,2023.1864603668093,0.01661910512239779,579.892676
61,2075.1588727304056,0.0015363986685687598,579.968623
61,2087.5312546325895,0.0014172829570442396,579.986642
61,2264.0660321760724,0.12960702113269879,580.243793
61,2277.647163219132,0.012497099191985587,580.263474
61,2403.4835251537247,0.0036918985927331706,580.445783
61,2493.078225318998,0.4405994170120954,580.575039
61,2739.798396656037,0.009141997778100576,580.929172
61,2808.157027924208,0.002005229149606389,581.026646
61,2861.6128873388275,0.002060390762243903,581.103017
61,2934.0866128463535,0.000859693679724746,581.205834
61,2970.7952411414212,0.003639149651744161,581.25821
61,3032.3918125220107,0.0038858028238527706,581.345343
61,3210.8171262769947,0.0008639935609949528,581.597258
61,3286.3326304808534,0.03818914116146937,581.703419
61,3485.5332629952877,0.000951180650843002,581.982305
61,3502.788201160502,0.010117500345850223,582.006247
61,3606.9918784736537,0.002224516680108272,582.151295
61,3672.936868878598,0.0008042354687880536,582.242624
61,3816.139697225454,0.01219239436955141,582.440774
61,3849.683358136132,0.0005022385616591158,582.487275
61,3870.8751940547563,0.0005392967681543604,582.516697
61,4056.149959893502,0.013575064391772168,582.770959
61,4187.9586354838375,0.0006778228439980529,582.950563
61,4259.865720566799,0.0014433371634993794,583.04862
61,4404.137404823859,0.017364514372080322,583.244368
61,4417.234891685605,0.001420439279219793,583.261903
61,4962.544092873818,0.0007679570486242289,583.993089
61,5078.741353939233,0.013283568018923563,584.147021
61,5269.801087282305,0.000532790594026708,584.398833
61,5379.140373795663,0.026663424486475993,584.542685
61,5541.01766320213,0.020557554951596214,584.753939
61,5744.294554195908,0.00853335431229745,585.017765
61,5838.1422196114445,0.0018450395068956363,585.138884
61,6127.020723284832,0.053530488203772535,585.509712
61,6149.732878226999,0.0010528579938242995,585.53908
61,6286.0313569855725,0.010117575296788566,585.712211
61,6461.241471028083,0.0003293332859494574,585.934217
61,6681.083059037409,0.008590031803841634,586.210485
61,6813.068153445358,0.0011730512484049026,586.375095
61,7190.966326478394,0.01886365148314773,586.843811
61,7274.852757138687,0.010059742910949047,586.94688
61,7439.047791112458,0.0373784563284802,587.147759
61,9191.319751026434,0.0013008972283320586,589.21993
61,9267.997326849196,0.3178664759518938,589.308366
60,4274.662863448634,0.10697137676390414,592.787399
60,5200.677135952148,0.2290831810063742,594.047049
60,7925.519898170196,0.9881970372460198,597.531941
60,250.01548569875297,0.008098454145287082,586.843811
60,349.29624335247877,0.0020931288821329176,587.000117
60,528.74629203104,0.013620213229619744,587.281001
60,619.7886456608758,0.0083237487228075,587.423023
60,732.5274688250158,0.006675590327588136,587.597913
60,1168.9315796400783,0.0009928826173498813,588.269912
60,1191.775123098929,0.0012320449803331446,588.304918
60,1336.4662096849402,0.036506546318429346,588.525555
60,1459.9892533084655,0.006658076776224133,588.713031
60,1473.365821605414,0.1304711018948479,588.733272
60,1516.1050455809927,0.0021809452890687534,588.797873
60,1528.2660669553106,0.01967809707904476,588.816267
60,1642.995535083086,0.0026590621546540554,588.989363
60,1921.3807909006055,0.005175721718471354,589.40658
60,1991.3657714428102,0.004639890463692597,589.510822
60,2073.446367446213,0.012694942088191274,589.633031
60,2097.472085255334,0.003396210814699599,589.668598
60,2112.885118455287,0.015556400010831788,589.691558
60,2135.682738488121,0.0030824772793701903,589.725454
60,2169.0233059420984,0.000742838183124725,589.774557
60,2185.9385339812607,0.009141889499468217,589.7997
60,2610.696768510915,0.013541703984944179,590.423771
60,2702.1195428962537,0.0017315406103843196,590.557052
60,2787.623292501639,0.004493895618886271,590.68127
60,2814.8505392551097,0.048713345387148874,590.720709
60,2827.9909291031636,0.0035495178261341714,590.739739
60,2937.617593054391,0.00024509933185389027,590.898707
60,3267.882159957526,0.010522923964209424,591.374309
60,3429.2904652344587,0.0246025358956908,591.602461
60,3484.909410553371,0.00037557161059371827,591.681116
60,3568.939212943944,0.0005243093619453009,591.799178
60,3594.720114969553,0.01780727928463761,591.836765
60,3772.0636280614895,0.006118912654625391,592.0865
60,3968.0519189781003,0.0036969964905786087,592.36084
60,4108.118971655756,0.0023267557147269584,592.555996
60,4215.240294650952,0.050336672125889256,592.704527
60,4275.146597730443,0.09873537107645615,592.787399
60,4571.996957380675,0.0028494944795968455,593.195492
60,4727.146460860021,0.007876294665204533,593.407095
60,4937.364980238297,0.00034204539584215866,593.691444
60,5003.966698658479,0.0009713191469461201,593.782096
60,5055.832773362036,0.005944205322496166,593.851885
60,5201.168084103331,0.22914617679196067,594.047049
60,5499.112213145895,0.010442429347002517,594.444201
60,5759.805703787144,0.005772446072725561,594.788306
60,5856.1247494931795,0.0016705230227175285,594.914713
60,6298.642512309219,0.0052416251430072855,595.489924
60,6324.286172944731,0.005883564680290405,595.523167
60,6532.869317029915,0.017263482208344883,595.790943
60,6674.413815457367,0.002199933338108779,595.97196
60,6888.147645092492,0.01250589132101567,596.243176
60,6924.773256249049,0.0023468822641411168,596.289613
60,7046.036308332032,0.0022864688725793077,596.442262
60,7926.013259717321,1.1525694973624332,597.531941
60,8041.155257625598,0.5074339453505607,597.67199
60,8153.747982740672,0.0039212192433143705,597.808387
60,8673.157611689698,0.0034623878074520253,598.430956
60,9910.684532592919,0.005934004745096679,599.866954
59,5069.76070445051,0.270168192391837,603.936928
59,45.058205854104855,0.0016841857004279497,596.461897
59,87.66281801281106,0.0008516289885225784,596.530948
59,250.32597687840376,0.0017063260002760303,596.792113
59,467.68139428410825,0.011696629604719948,597.139099
59,552.054382641594,0.001153979450063674,597.27288
59,715.6682871193004,0.27168328517390866,597.531941
59,791.5886377698342,0.0009542891076788376,597.65162
59,804.5445102870742,0.13974285596837105,597.67199
59,891.2260598471801,0.000916862366501174,597.808387
59,933.4840170002853,0.005559241465893507,597.874205
59,962.2191502594178,0.001376469642633157,597.919547
59,1241.2804514879997,0.004446212505726065,598.354163
59,1456.5250658064958,0.0013302407631964879,598.686666
59,1487.079939655132,0.000643757585714924,598.733681
59,1525.2320543027465,0.015492642021464928,598.792464
59,1637.3845534985492,0.0005659420410086649,598.96573
59,1786.5795242933802,0.0010967118646061748,599.192577
59,1835.3164510710653,0.118509939875291,599.26664
59,1864.97426778853,0.004559635573477973,599.311702
59,1984.6279255214922,0.0013895253006167322,599.49332
59,1999.1811856941122,0.004414020198810742,599.515308
59,2078.44424397342,0.006453086556210741,599.635066
59,2113.55721089654,0.00473144194837234,599.688049
59,2144.2036446952434,0.0016848541188441086,599.734346
59,2207.2975746072066,0.015547357671160751,599.829057
59,2232.4972159734803,0.0037190258874952226,599.866954
59,2284.011372269903,0.0006520422301441414,599.944294
59,2513.08299149111,0.04723140743699436,600.286534
59,2548.734270192282,0.004458867572149564,600.339526
59,2624.934776979991,0.0010952715903792644,600.45255
59,2856.8974071363473,0.0007104885585937479,600.795255
59,2910.102613018179,0.11138804127761365,600.873581
59,2976.8797003459267,0.0012976386223640998,600.971275
59,3003.2595362675484,0.001872844365532383,601.010027
59,3049.2051001533464,0.0012936642198088635,601.077463
59,3151.2264082591532,0.0032158228576394175,601.226407
59,3215.379871741278,0.015382637863018057,601.31985
59,3270.4518721275085,0.0007072738665025418,601.399932
59,3389.3602459832,0.0017793478594912966,601.572217
59,3406.2754279959677,0.01918572644012769,601.5967
59,3483.9184082847937,0.01423160413976398,601.708778
59,3507.964436220611,0.0002664609919041031,601.74329
59,3549.0577292063986,0.005952760038560711,601.80251
59,3732.7916851058226,0.005140145606635654,602.066091
59,3748.789905360389,0.0002527599317917695,602.088145
59,3822.1612923040584,0.003026945460342338,602.193868
59,3838.0550368643935,0.001685142878492044,602.216487
59,3875.943512264423,0.14708733826356735,602.270305
59,4030.138965315223,0.014801397845629557,602.48924
59,4230.043032052433,0.006604130805250198,602.77133
59,4414.213418467756,0.0006079843140650757,603.029302
59,4457.131027256149,0.015798377113141276,603.089558
59,4525.835671833573,0.0017370752389399273,603.185614
59,4649.927655665683,0.007159299289504526,603.357881
59,4742.149225598637,0.0007497006534648717,603.48531
59,4840.2114998607,0.005846328097568757,603.62111
59,4862.2960352111895,0.0003616077395116765,603.651386
59,5001.940715613961,0.005269770883868879,603.843379
59,5070.255604491062,0.2733500762252428,603.936928
59,5142.244497729592,0.05326674275083615,604.035254
59,5248.037792810288,0.0009616833710922149,604.17927
59,5358.977608375495,0.0015161113064566872,604.329871
59,5430.157749323142,0.02026299667861215,604.42628
59,5626.62665230446,0.000547115684860279,604.691295
59,5644.178247631744,0.0006394043029286074,604.714811
59,5731.821768341395,0.00370569727823021,604.831775
59,5845.725025835333,0.001879012076303334,604.98389
59,6058.011410493165,0.03143866634582097,605.26571
59,6168.765653597143,0.003413655642192923,605.412
59,6239.911745236655,0.08718969277836872,605.505688
59,6314.19008595521,0.0002814169673166209,605.602578
59,6408.78621709986,0.021377934153389833,605.727004
59,6507.802836475984,0.0009705704787350643,605.855966
59,6529.976647594923,0.0008993873513119066,605.884903
59,6681.17776951552,0.004855857710984547,606.081467
59,6766.047567785797,0.0026805343335414736,606.191176
59,6936.923946817892,0.0009889689668370267,606.411148
59,6951.187526015477,0.01084246233768206,606.42943
59,7008.991162915907,0.0018290045284184158,606.50374
59,7198.977966436786,0.031570783989796326,606.745968
59,7455.01927474444,0.058035187045677755,607.070087
59,7780.865526499536,0.036504959806149526,607.478504
59,7853.147348849567,0.00036221244650882394,607.568565
59,8296.756299520774,0.02846189704283767,608.115548
59,8606.140413465548,0.0007212170160204716,608.492641
59,9838.890318349975,0.0018752086292774708,609.95058
58,17.477662311719833,0.0008434484517139219,606.702637
58,43.98387249498114,0.007597587798616167,606.745968
58,123.44752142858812,0.0024119939301593535,606.87603
58,242.35266729119206,0.012637452672634646,607.070087
58,494.05019768148236,0.01425435998083006,607.478504
58,507.6246376796724,0.0007702667797739968,607.498299
58,714.0050788243639,0.0009468934526192835,607.832493
58,790.6813828624963,0.03351442075947252,607.955547
58,859.5519630126321,0.0022770007833908586,608.065466
58,875.1920208141819,0.048246790745474,608.09057
58,890.7767000967623,0.0050513220543135715,608.115548
58,980.4689661332221,0.0028394513703395856,608.258284
58,1183.3678278983423,0.0005572463026711284,608.58038
58,1207.8240584143152,0.0013027254163545294,608.617152
58,1347.3175924607851,0.0026476764525036,608.838666
58,1458.7922152513609,0.0014457782183639892,609.013854
58,1482.9831567454387,0.001169143742629736,609.05111
58,1610.064358573845,0.0016295643611087623,609.249723
58,1765.9925230046745,0.0032408749566109046,609.492142
58,1802.8497471700496,0.001168358575010749,609.549156
58,1820.6964152565263,0.0022041054391448668,609.57703
58,2048.1347595644247,0.0017440728241671177,609.927945
58,2062.952209925902,0.0021828926383353725,609.95058
58,2096.1016834820857,0.0016452751201108508,610.000983
58,2145.5023093930213,0.02197554084994983,610.077158
58,2375.638363021655,0.1180752466951472,610.428384
58,2554.2104192665447,0.0015339350658198718,610.699367
58,2641.204285557725,0.0006434628382471214,610.830244
58,2702.307997455001,0.04478314223768508,610.92243
58,2847.47464342116,0.0005049053371165361,611.140028
58,3057.06806213456,0.032431400044285824,611.452957
58,3132.840594616557,0.0005690231271906714,611.565566
58,3171.719539334097,0.02337095587518503,611.623156
58,3281.7030133183944,0.01940489291566339,611.785895
58,3409.8124687199484,0.0012012727953040255,611.974461
58,3566.8138719710787,0.0013950771242711628,612.2047
58,3597.0425311997074,0.004849698320029211,612.248903
58,3639.020387525289,0.03895902123389811,612.310191
58,3662.843615559449,0.0005472648486694012,612.344722
58,3773.33945983331,0.006217615500027836,612.505639
58,3805.7232893625905,0.020113094483283144,612.552805
58,3821.966743614839,0.0070588266907472205,612.576329
58,4086.87397676912,0.0007161494281071957,612.95886
58,4104.988344828181,0.0033593167829625206,612.984838
58,4286.841241204262,0.001529378450811376,613.245272
58,4389.640005787906,0.0009693449122121339,613.391655
58,4403.4730890081955,0.0014269915821818518,613.411544
58,4434.76223705864,0.008314186353209279,613.456012
58,4463.552198196366,0.0002675700269282989,613.49674
58,4554.019273186045,0.000699781924635791,613.625143
58,4655.377458077651,0.0020248525743920293,613.768423
58,4728.432989699236,0.0017715885438826255,613.871204
58,4793.295173773513,0.015660841345212922,613.962465
58,5058.391819400498,0.00035191854979482225,614.332877
58,5284.052099722437,0.008232621678106768,614.645879
58,5480.8689743474515,0.0014972382077103258,614.916813
58,5716.185969363046,0.017436263436185706,615.238523
58,5884.642751932657,0.0007467394686509931,615.467012
58,6056.848047009516,0.00403912800539029,615.699566
58,6155.1225914868755,0.0010847309316051146,615.83147
58,6321.179896544728,0.00033055138041995845,616.052729
58,6510.961414397922,0.07261665600434679,616.30584
58,6747.997253323884,0.26454737232738457,616.618534
58,7347.801417226723,0.20934593596701442,617.398547
58,7473.049555817683,0.002739183584150937,617.559302
58,7975.873602955599,0.00031857264396161064,618.199038
58,8077.025452308293,0.005227557515101549,618.32493
58,8448.049350352567,0.0010284898136789847,618.78631
58,8465.399023678166,0.00790171825120361,618.80904
58,9885.957945246902,0.7443599260197794,620.520876
58,9939.975695027902,0.004397152342750961,620.584425
57,47.97068415159262,0.03576714300717643,617.398547
57,199.55591035869688,0.0009933348541654066,617.650469
57,269.43587958275197,0.006528120763716648,617.766767
57,302.0076514918045,0.00066501454201744,617.820222
57,320.5118936196948,0.00043471008676883137,617.851966
57,518.5589107868075,0.00039000902862347314,618.17672
57,557.5745517592924,0.04613155699882345,618.241515
57,608.564716524112,0.004248148771188894,618.32493
57,674.6465820788567,0.5768358558345801,618.433236
57,688.0084546424389,0.007595164040767676,618.454953
57,819.9088948328723,0.0017819342037535806,618.669968
57,891.1495600633727,0.00048319688529857487,618.78631
57,905.6062537069997,0.0013659371950016683,618.80904
57,1248.0917964827622,0.12127105427892243,619.361848
57,1461.703408510732,0.005524980423565609,619.703534
57,1644.4602216574558,0.2518952888118413,619.993755
57,1697.3559375193292,0.0018542508150966503,620.077453
57,1958.3345767815645,0.001567549094526107,620.488461
57,1979.079009582624,0.35180815701541407,620.520876
57,2019.7216034139117,0.0038912392362298615,620.584425
57,2076.68484749323,0.003432858981515534,620.67352
57,2091.935864032714,0.003541923719532302,620.697349
57,2130.59755516585,0.018123172225013195,620.757709
57,2194.0839038923823,8.437628553972092e-05,620.854223
57,2217.991403447254,0.1954198013246207,620.893737
57,2235.1872847093305,0.000631515551815506,620.920112
57,2252.0903956551238,0.008674760924337688,620.946743
57,2394.179286542715,0.002779029501240043,621.166801
57,2573.814779370626,0.018973679963972923,621.443785
57,2613.3112031920787,0.0013121274207213089,621.504484
57,2664.44585364753,0.000289097926236128,621.582462
57,2692.532966066239,0.003451827591479976,621.625962
57,2931.29796160609,0.0003628315106696827,621.990197
57,3052.073578899677,0.0366050492154707,622.173205
57,3270.823748274485,0.0017626329044235223,622.502869
57,3319.6810825517546,0.0016646478520144989,622.576179
57,3390.90236573739,0.001150773645452954,622.682962
57,3475.377375768236,0.06681692479071343,622.809216
57,3492.593875471495,0.0031753747040046184,622.835075
57,3529.8975626826013,0.002462730734037189,622.890368
57,3735.633872756085,0.0004141178967032146,623.194279
57,3757.0842074405346,0.00014251639884422208,623.22796
57,3795.6953657559197,0.004290412986846073,623.284691
57,3813.1809008747546,0.00667958256217495,623.310521
57,4371.583138587467,0.0008377617278788286,624.12706
57,4424.269345769942,0.0027890375559168684,624.203255
57,4469.048520462892,0.031752603274639433,624.267989
57,4832.779176750597,0.011699128490485967,624.790157
57,4866.622157834899,0.00017497073096622897,624.83862
57,4885.856337101978,0.00538282028423075,624.865757
57,5441.795082802446,0.0027826444009463424,625.650272
57,5496.222094212405,0.003038399193333321,625.726109
57,5519.093189196706,0.0001271945398729,625.75735
57,5632.137123490376,0.10719347847613915,625.915446
57,5834.2027649609545,0.0033141094781255157,626.195015
57,6227.307952483449,0.006499451992901897,626.733722
57,6269.215578638704,0.015567246053210948,626.790678
57,6343.739358706603,0.0011527604840166847,626.892112
57,6418.735068393294,0.006687508210893416,626.993388
57,6667.225245705611,0.04804633707240475,627.32789
57,6859.798686970597,0.10302405289374916,627.5852
57,7014.083923777734,0.04001247115804637,627.790113
57,7095.221086001075,0.030385215794618205,627.897468
57,7162.245869800405,0.0026780684572193015,627.986058
57,7864.065243118132,0.03222088942626097,628.899411
57,8172.023016028819,0.12067051372230102,629.293133
57,8333.78430701293,0.096793731080632,629.498281
57,8586.15693890075,0.0005431759210756392,629.81543
57,8947.714944336953,0.07054394230308213,630.265884
57,8987.930078943677,0.030017095508109125,630.315569
57,9481.208078471464,0.0028217276016820154,630.91866
57,9760.084935168989,0.11506796465289167,631.255542
57,10177.173232471498,0.052572851976652096,631.752118
56,6186.625213129496,0.26097868153289133,637.869341
56,328.80337508607795,0.007927961717652584,628.899411
56,347.45553961729286,0.0009734093800457849,628.930948
56,563.8036805665761,0.03264458413098245,629.293133
56,589.797558700685,0.002980035741670467,629.336849
56,686.9276824973215,0.02647762735905669,629.498281
56,859.5681056287199,0.0024907970678160205,629.78458
56,1029.2625499099822,0.006143734939509242,630.064425
56,1152.1182856412704,0.023172796270260913,630.265884
56,1182.4642127694872,0.013242308595977631,630.315569
56,1355.881405824556,0.008046084585301762,630.598598
56,1553.3068912623519,0.000808120589172984,630.91866
56,1579.4452532714224,0.002970718809027808,630.961044
56,1762.3166870493274,0.02633026278711078,631.255542
56,1802.1643165824767,0.0025775917523317756,631.319724
56,1833.1916982962928,0.002118785070409459,631.369031
56,1875.4075636731059,0.008492150031705658,631.43683
56,2073.1092242727605,0.020359423799016046,631.752118
56,2161.865363384517,0.009187936558187108,631.892953
56,2188.5088802402684,0.00029975566263977684,631.93527
56,2257.4446797952173,0.0036258020907485697,632.0442
56,2480.9029614487413,0.0005420901620515376,632.395857
56,2584.94673808596,0.002787957969392517,632.559059
56,2601.85750445861,0.0009931362837694857,632.585447
56,2659.521395481412,0.0038548533786435008,632.675423
56,2697.0426431732462,0.01664159816459564,632.733933
56,2869.164743851543,0.0006428022708702114,633.0014
56,2935.95919755465,0.0036936907531563952,633.104786
56,3073.2710315214686,0.027102250712217075,633.316449
56,3333.883646195735,0.037036603095701566,633.715783
56,3353.2861930133936,0.004126277142159315,633.745347
56,3400.2137921873427,0.00563785023732981,633.816796
56,3590.6033184827347,0.00916058083098964,634.105815
56,3924.817903522682,0.0016264268765553492,634.608436
56,4024.1021858155914,0.00012880711171162662,634.75666
56,4489.871086996591,0.001413810875450365,635.44642
56,4708.882202437165,0.05889208945161167,635.766803
56,4807.972989505438,0.0005045694474994733,635.910976
56,4930.956644293079,0.00869883665863441,636.089363
56,4968.2110033737345,0.015509422336967097,636.143251
56,5218.214770212,0.008295861766612204,636.503122
56,5748.023269125731,0.002990432377065243,637.255802
56,6035.760006054267,0.014962170764882744,637.658855
56,6171.109167245118,0.007171561085276858,637.847171
56,6187.112158012512,0.2584731006517741,637.869341
56,6227.811595710317,0.0006626860050707929,637.925886
56,6270.9553604213825,0.00025010612790349985,637.985701
56,6695.050882663379,0.0008210714800496985,638.567741
56,6928.808936833415,0.0029811739970944853,638.885235
56,6951.761190807753,0.1089598704637157,638.916126
56,6986.483512400991,0.0007441986375126691,638.96306
56,7056.912907218739,0.03723482003229658,639.057966
56,7154.883722139795,0.016222974818382592,639.189565
56,7448.796402776042,0.033737101696823646,639.581727
56,7541.843570129083,0.0003768851430400909,639.705551
56,7667.9830727380995,0.03630913806920949,639.871731
56,7839.799199119149,0.008092851505189002,640.097524
56,7953.940725043629,0.04363564414900084,640.246485
56,8197.953793005125,0.004974063807554372,640.563287
56,8641.102048029637,0.000497106242142846,641.132732
56,9370.302429686215,0.0018814590656865545,642.047317
56,9555.183347544233,0.0010345298661410063,642.275538
55,3766.359116303158,1.369048814420279,645.90669
55,3766.825920002244,1.1909565636573707,645.90669
55,59.29026353900115,0.004275629392870276,639.871731
55,190.26183799532453,0.006103039303793422,640.097524
55,233.4389433234797,0.0009933896825504917,640.171714
55,277.1240783164851,0.007658470660012917,640.246485
55,462.26574312391705,0.0019121336996913492,640.563287
55,507.2395504969816,0.0006790665334823185,640.640152
55,534.186510923183,0.0015763155929319937,640.685679
55,614.2163845835711,0.0454890125920904,640.821688
55,759.6630215570991,0.0008095409643794995,641.06778
55,937.446875975474,0.2354841632616507,641.367134
55,951.3880279163841,0.00021909814074513642,641.391101
55,1039.8327517317498,0.046525641435913236,641.538722
55,1071.2902217797728,0.0027938635179631487,641.591307
55,1155.0301536811385,0.006947538127054337,641.731059
55,1188.876578733724,0.009675042312110249,641.787521
55,1325.6040623215097,0.00348858229962416,642.01466
55,1372.8143695085207,0.0003290840292058308,642.093228
55,1414.1878016800329,0.0008205632454230986,642.161396
55,1483.2199692614424,0.0011476099591227306,642.275538
55,1551.7741236091836,0.007947994686508857,642.388253
55,1586.964822787766,0.0002411859390499951,642.445838
55,1716.52510428996,0.011020504192456832,642.658856
55,1881.602183016574,0.00228191259918269,642.928123
55,1959.533173426357,0.005611436472155607,643.055046
55,2065.8119535426567,0.0005880452184002104,643.22745
55,2218.243166288751,0.000595140956754632,643.473116
55,2574.6262847422304,0.0022535570527562527,644.044268
55,2621.97009212206,0.0013002986704113186,644.11944
55,2739.4768862579863,0.004528778446546938,644.306152
55,2778.71941210624,0.0028560065106853893,644.36801
55,3016.1983404081025,0.0034139947903786137,644.742119
55,3088.28239214924,0.026057524555029694,644.855266
55,3295.6296423461363,0.02496328504232726,645.178851
55,3313.59807456884,0.0017511798261492539,645.2066
55,3356.81695978682,0.01158711837404167,645.273824
55,3397.245245019157,0.0001444650221989149,645.336657
55,3428.0214343128614,0.003665537063952846,645.384194
55,3635.8696534965197,0.0046531794165977835,645.704921
55,3767.3003657802683,1.3630465341836329,645.90669
55,4041.2137058179374,0.00016532151099659954,646.324211
55,4366.052827352397,0.005444533251645517,646.814449
55,4389.966535908682,0.009998776377994043,646.850408
55,4418.8153005119975,0.001751934427067321,646.893545
55,5216.67569495799,0.001044979448880591,648.073196
55,5660.843314937032,0.0038471042506765937,648.716874
55,5940.169479598135,0.00025340694839604396,649.116052
55,5956.1353394012785,0.003018078034718803,649.1392
55,6210.111275851093,0.06522254160540426,649.499144
55,6516.061861152211,0.011234453675192935,649.928617
55,6670.813434869659,0.02640513956128547,650.144028
55,7601.850340534621,0.2009901402847866,651.416308
55,7634.446994850856,0.0008678478619502556,651.460042
55,7968.744293509366,0.0005357229406543775,651.907483
55,8057.968134466805,0.01667807024797208,652.024351
55,8366.188159165169,0.016799864745145218,652.430131
55,8613.598910366529,0.0006870465497574427,652.751731
55,9119.824984825125,0.00474523335736787,653.402714
55,9749.960728113101,0.0021731642465639116,654.19593
54,4221.4001497089575,0.8765626780576916,658.57243
54,4221.867790238063,0.7432444362490179,658.57243
54,4719.44042245709,0.6412372748079865,659.33049
54,4882.389172013377,0.3498058317062582,659.576028
54,5253.653363684514,0.19902733144793777,660.130522
54,9829.572349480304,0.7565224339085603,666.410812
54,84.45465348782768,0.0009346555406927556,651.767509
54,437.92265028862704,0.018061841745163926,652.384512
54,464.00598561410476,0.00413776313770832,652.430131
54,579.8070166439081,0.0033002347830665426,652.630303
54,637.2219997619459,0.0008702821343249231,652.728813
54,700.1798038009382,0.0014555903869247773,652.838426
54,719.1450764316457,0.00286641120601587,652.870878
54,876.0173887068094,0.0033697664957687153,653.140117
54,977.9427784706266,0.28006374730726064,653.314611
54,1029.4431494973182,0.0035266595551182575,653.402714
54,1169.7008241745013,0.0035489832786610967,653.640976
54,1347.6142572461044,0.009427477161057579,653.941991
54,1388.5788426706808,0.005213229358582328,654.010823
54,1498.5487280311634,0.0024410210140269513,654.19593
54,1611.7743215723626,0.006031634623646712,654.385684
54,1896.0909089436784,0.00023969680642948308,654.858095
54,2080.000232272137,0.0011405618566771298,655.163005
54,2124.1326008703704,0.002973555614461937,655.235775
54,2167.6099072639654,0.0018758980301569297,655.307003
54,2344.575152454514,0.17012855167472224,655.597079
54,2369.3943302355838,0.00026190447772953516,655.637284
54,2615.9453355606624,0.00033121174035952877,656.038459
54,2634.614845349097,0.028254357361394224,656.068702
54,2757.183569980379,0.0031536213407783393,656.266553
54,2819.3984943906244,0.0011353042208945938,656.366693
54,2834.937726874759,0.0019083974184417123,656.391726
54,2980.8414518971176,0.014624214338487094,656.625772
54,3071.6135241832208,0.0006947589957860123,656.770764
54,3154.7333835898257,0.0003168909453215446,656.903521
54,3230.816091821263,0.0003066108250063143,657.02402
54,3306.870633707432,0.007971482319978825,657.144701
54,3512.871861220496,0.002310395181346926,657.469696
54,3582.881353666741,0.0028951526875322796,657.579747
54,3789.7638114236715,0.13759864157073018,657.903116
54,3818.091857576488,0.016286394032968297,657.947316
54,3935.6490615563566,0.0039035171312113903,658.129806
54,3983.950204299411,0.007537616612592009,658.204721
54,4003.982904696759,0.0009052379389878993,658.235798
54,4222.3518191177955,0.9127092439960536,658.57243
54,4339.063158235611,0.010189585674097366,658.751367
54,4699.760823021655,0.032932894083562626,659.30002
54,4719.923210715106,0.5225868451823382,659.33049
54,4882.873118854087,0.3188993115247877,659.576028
54,5084.790490774303,0.0033586897938667013,659.87834
54,5155.786929469221,0.00013826176672751694,659.98516
54,5254.148906607654,0.1802865990686388,660.130522
54,5475.999422653338,0.009324886344120311,660.458602
54,5494.045142722604,0.0033072932188611113,660.484983
54,5656.803794077515,0.03483328419381396,660.724073
54,5992.83817954711,0.0002544466906753394,661.213244
54,6323.81874784689,0.0018714567904119005,661.689785
54,6463.08447613929,0.017780961417859585,661.888534
54,6541.110407383454,0.036440571705104556,661.999477
54,6643.684516991656,0.0026502284132542907,662.145011
54,6739.01525974008,0.0038323405233623284,662.27941
54,6821.058730111398,0.0003832917820644639,662.395237
54,7988.9395979173705,0.10860877560934461,664.005338
54,8295.02741926395,0.01023010341490031,664.416377
54,8354.042693286612,0.0038433107260778276,664.495201
54,9393.529186241029,0.0006224280451455993,665.85364
54,9830.103603672014,0.9652382712171363,666.410812
53,244.12365635279562,0.00094909352205697,664.349997
53,280.8860411128732,0.0020640044044481047,664.416377
53,747.2110347131055,0.0011322385600865635,665.239702
53,1006.1519212586027,0.0010296863350290678,665.690362
53,1030.0251842916546,0.002881164635261589,665.732697
53,1055.1804523701162,0.004933968188168547,665.776506
53,1422.951481649478,0.26922458819517436,666.410812
53,1444.0320132168451,0.0022097017531324432,666.447028
53,1506.4095149302107,0.01175700462300654,666.55366
53,1580.7806802689013,0.001781180888658157,666.680473
53,1662.5451985036343,0.031109704446867,666.819946
53,1698.9656324056184,0.00025035745780489397,666.881816
53,1920.2816344159073,0.000312978457641604,667.256684
53,1976.619639039076,0.0003809466378258642,667.35128
53,2018.9950898023737,0.00016571253345292456,667.422037
53,2156.7268664462663,0.06661495755189188,667.653978
53,2352.0185936748553,0.0008252735200583578,667.98016
53,2397.214101347221,0.03314411774349233,668.05505
53,2480.0755114733574,0.0038010541189033745,668.192566
53,2515.097579584463,0.000539235318218751,668.250782
53,2646.97588918632,0.0021949690322463846,668.468279
53,2679.116716520891,0.02780818513405233,668.521239
53,2735.3977063658162,0.05421816182725587,668.613808
53,2821.3167574510844,0.0015469570174248583,668.754582
53,2908.4803759230977,0.0017361118019988081,668.89718
53,3071.830485382291,0.000252992362719106,669.163506
53,3101.5670222074596,0.0007989493155048718,669.211612
53,3140.6365147370843,0.010815497147074209,669.275189
53,3170.0301762126837,0.000352396072138852,669.32275
53,3253.208724655207,0.007750966995025511,669.457411
53,3283.004879279209,0.002246043480800394,669.505529
53,3332.5630575011564,0.008033215350674422,669.585468
53,3405.0925770491463,0.00047830324485677767,669.702732
53,3465.291771921895,0.01615560859343685,669.798849
53,3770.887323232586,0.00028612590508630595,670.286822
53,3902.547427675731,0.0007517043836176178,670.494812
53,4032.6406183503063,0.002659963744233322,670.700767
53,4092.0316746206167,0.0002622366947377603,670.79406
53,4397.728509399091,0.002779714793126051,671.272178
53,4597.789565164176,0.04064487622575909,671.582341
53,4676.78155177332,0.004201040481142461,671.704238
53,4698.009474856978,0.003661767931280866,671.736842
53,4743.674356132198,0.00044411033253932567,671.80705
53,5035.4771220191415,0.0002205133135151644,672.25506
53,5096.605614560429,0.00021926834056822922,672.347085
53,5178.7503931693245,0.00028466469285250205,672.47132
53,5195.182373353303,0.00024745744690093214,672.496223
53,5449.7059309762235,0.0039311147220234405,672.880434
53,5527.780016217507,0.020334083758297986,672.997565
53,5649.250926896537,0.001817448148025902,673.179042
53,5723.99875060272,0.004638501735221504,673.290467
53,5831.970138850165,0.007408246631219178,673.450763
53,5876.95764054897,0.004686974655517397,673.517304
53,5906.184144800867,0.031740543543903724,673.560765
53,6016.182285116097,0.0034108497366632136,673.723158
53,6329.058908555391,0.008040574681406877,674.18174
53,6504.226561778904,0.004375965666427836,674.436144
53,7127.091724961892,0.007288794701419601,675.329043
53,7284.8896365602195,0.025004453845715483,675.552339
53,7327.989032110748,0.0042808976998682255,675.613081
53,7353.306843885939,0.0028690685715266795,675.648618
53,7609.062144489896,0.0251816222116775,676.006905
53,8199.236929274803,0.00855062795691647,676.82137
53,8566.69470672628,0.0032513712891967758,677.319622
53,8932.992360128324,0.031232214559727925,677.810082
53,9090.0644306047,0.2758061346767399,678.018305
52,6679.7061809027355,0.11207801055927977,687.664963
52,228.5398605349231,0.0011140126180251388,677.100326
52,349.85983402000033,0.0013341895615347128,677.319622
52,447.9222895251281,0.0032933381096778174,677.496755
52,485.2168716724701,0.0002811311296598917,677.564106
52,558.9238207136423,0.0011252568918994944,677.69714
52,622.1211873430914,0.009358037929875525,677.810082
52,782.2660109857013,0.00037872406622391555,678.096116
52,795.2963732239809,0.0030241713252723793,678.119569
52,856.4220056501141,0.08652493733175316,678.228439
52,902.2194322161589,0.00041128604564036575,678.310595
52,1192.5457687680607,0.0004291539135621508,678.823808
52,1270.881538167977,0.01847039937025124,678.960983
52,1470.8666805497594,0.03581717530134555,679.310936
52,1553.5786963844264,0.0007862749829199274,679.455224
52,1566.3966309244943,0.003315260071909412,679.477388
52,1613.3490654495608,0.00186138985518303,679.558886
52,1733.605146745155,0.0017044193935680854,679.767392
52,1790.7691788399197,0.0031134469591499927,679.86585
52,1889.5103951953013,0.007810023530266599,680.036371
52,1904.7897483687436,0.00030826238777124595,680.062235
52,2004.6500404295164,0.004082634721367389,680.234097
52,2050.9029576976304,0.00564151558220958,680.313381
52,2118.9112143094126,0.0004371158488884166,680.42909
52,2255.025251159525,0.002714954536017476,680.661511
52,2298.0320530092295,0.00173502626472339,680.73461
52,2478.9288500843945,0.002868079848671736,681.041004
52,2512.5966843108545,0.01434286682421252,681.097968
52,2598.750313656543,0.006966026194083166,681.242941
52,2683.0084465285863,0.0006693281499318224,681.384258
52,2714.444619538023,0.008715027105986112,681.437176
52,2781.6178858902385,0.0018859610095907605,681.54933
52,2816.5548411001237,0.0002211102130699671,681.607447
52,2901.361752734605,0.004219743217026552,681.7493
52,2939.3669248243195,0.007450837035998959,681.812689
52,3076.7198475057708,0.0014769137953982684,682.04059
52,3139.246336762003,0.0005595400601995227,682.144036
52,3379.3139044192494,0.010965264625277527,682.539143
52,3450.676864440262,0.054682083930863434,682.656071
52,3533.769335906326,0.0006544805484039966,682.79176
52,3550.2229913468395,0.0687980486266586,682.818614
52,3957.135065932922,0.0037144795812140796,683.477764
52,3987.4260009230093,0.0017670431720941601,683.526565
52,4205.943784985488,0.0005269579027030937,683.876318
52,4244.939557585215,0.003443961594938172,683.938405
52,4357.89920624744,0.002454249456298005,684.118181
52,4509.698190663489,0.0008935336039021564,684.35846
52,4727.311860985766,0.0005643146490195421,684.70175
52,4775.0216026844155,0.001089896880093837,684.775664
52,5047.393610023176,0.0011141132469403847,685.200096
52,5192.257189125749,0.005498788236778359,685.424543
52,5268.111404680876,0.00954528220335192,685.54148
52,5384.710156560449,0.012816619431840658,685.720703
52,5409.227595283268,0.005929047104991487,685.758145
52,5622.28071192159,0.0007570337534792237,686.08313
52,6140.820624925244,0.035657372590655316,686.865804
52,6308.2034764130985,0.0025242783431008234,687.11548
52,6564.706425841115,0.003989893803477128,687.495146
52,6680.210109132336,0.11202589126339282,687.664963
52,6997.127191421115,0.00019863850125515558,688.12791
52,7079.175813367316,0.00990084111896572,688.246365
52,7609.226614566002,0.008431987141426253,689.006003
52,7898.173975083895,0.021399448559667883,689.415242
52,8039.255672778901,0.0049138464058079675,689.613247
52,8258.163328902005,0.006364017896576944,689.91805
52,8882.946170977046,0.004299127015313363,690.776063
52,9131.78722703823,0.0061328935392622515,691.112636
52,9240.278691199394,0.0003806683866764083,691.258071
51,5378.8168407411285,0.7141253989228051,699.158294
51,2569.9181303286796,0.23910143103998555,694.552579
51,5379.302190441531,0.8526316065675139,699.158294
51,126.90773270949408,0.0019329954953146741,690.189955
51,246.8010232251202,0.00513348224147274,690.411434
51,306.91920151400575,0.0008937558133902493,690.522423
51,395.24338512667345,0.002069946277974991,690.68538
51,444.621740930421,0.0010534388010306989,690.776063
51,484.5843541826944,0.0028237385605640124,690.84964
51,528.0760366829365,0.00031537630620361305,690.928115
51,594.9724212381344,0.0011189150172729774,691.05164
51,615.5669242275723,0.003044564912913381,691.089548
51,628.2318648025787,0.0006680590298625988,691.112636
51,662.6693258483859,0.011421807304407235,691.175573
51,707.7592741736404,0.0003312537100387905,691.258071
51,738.1598003773579,0.3715286023353841,691.313282
51,819.0680836716057,9.914011930590041e-05,691.459844
51,930.4082704286045,0.002021964258128268,691.662094
51,1008.643295785997,0.025158010685289976,691.803672
51,1059.1037939874645,0.0006884725117146716,691.894712
51,1226.1948972476266,0.002894346051522006,692.194846
51,1485.0932250572935,0.0009268025230166223,692.657103
51,1536.209196983593,0.00035888418060780623,692.747894
51,1657.8013470556145,0.0004595668951457413,692.96288
51,1727.9516425279073,0.00013625520104933034,693.086952
51,1769.2005241692975,0.0006073008581596891,693.159798
51,1913.8236952011507,0.0009939847828001828,693.413781
51,1927.1169354641152,0.0007733165487752692,693.437186
51,2043.6426209859962,0.0023260238700889726,693.640555
51,2142.859330926,0.0010421209866789869,693.813837
51,2167.520612338681,0.007149806437768743,693.856647
51,2379.6922240734684,0.002087690765567013,694.224524
51,2507.9266723604137,0.013726163950042815,694.445304
51,2570.399614339187,0.32676517165599195,694.552579
51,2680.1921134583754,0.0254805768629493,694.740601
51,2722.398338560296,0.00429694232201825,694.812905
51,2930.498908504482,0.0019026363821589398,695.167257
51,3221.056739572305,0.010118336325052222,695.657455
51,3260.32504538218,0.0038721373347197106,695.723386
51,3680.242905390223,0.0064825540542151035,696.423219
51,3778.2794254284368,0.004429804670801137,696.585093
51,3798.963031214121,0.0044880509636019954,696.619291
51,4486.3964604482435,0.0005905524211383343,697.73916
51,4571.283919769569,0.0001641623223527985,697.87537
51,4609.7339471335345,0.002592314261523851,697.938449
51,5017.744624577074,0.0012172331819923971,698.58871
51,5238.048898186612,0.00010887834124839485,698.936788
51,5260.710681679439,0.0022088746985680645,698.971757
51,5329.832803967187,0.003943914477154383,699.080192
51,5379.785458803477,0.8702203092901207,699.158294
51,5574.907880145636,0.005923502753316121,699.462481
51,5596.839694528339,0.02489579760735292,699.496563
51,5732.703544770474,0.013283760831475101,699.706999
51,5879.959763881142,0.0047510779111216055,699.934191
51,6001.152256661228,0.01072528560294699,700.12008
51,6024.206247155865,0.005352100088736357,700.155382
51,6238.0454570766,0.03503135948319289,700.481409
51,6432.788081836114,0.0008992117410725305,700.776275
51,6516.768663420366,0.006080986783125162,700.90286
51,6953.7091562676615,0.0010059780782503468,701.55547
51,7603.971668981093,0.006397102408924641,702.508392
51,7724.971517798864,0.004800795946478252,702.68342
51,8659.77433520693,0.007081796566803314,704.009758
51,9061.161636028599,0.0019568581551530732,704.565304
51,9213.043256794828,0.07968544097517188,704.773998
51,10546.64187883844,0.0008296597409461523,706.553572
50,135.10138628904502,0.0019197482330644998,704.009758
50,164.8406079523101,0.0006553235412154053,704.066247
50,226.89656509279877,0.0006274785900013836,704.181847
50,429.86928822439796,0.0013660935744214777,704.565304
50,541.2750217281941,0.01690481353624267,704.773998
50,558.2650641901869,0.0005424740740968504,704.806177
50,962.8985030525931,0.011340631343177546,705.556468
50,1006.2219815522061,0.006635190241219037,705.636284
50,1086.9325680909014,0.0019769236333627245,705.784656
50,1123.8479576589637,0.000650992964078959,705.852434
50,1228.234176288082,0.01353457376518859,706.043566
50,1284.9528459571939,0.003298344248024774,706.147136
50,1313.3090332523275,0.031749307860297504,706.198804
50,1346.9521504961908,0.06021332194248632,706.260061
50,1443.627776502283,0.0030348879378447966,706.43597
50,1493.2604636931687,0.001434949209637689,706.526025
50,1508.5557130980526,0.0005883739172723602,706.553572
50,1522.0168624114103,0.0006763338848190976,706.578333
50,1556.269348949803,0.03038225803267272,706.63994
50,1657.8633530510692,0.003162044047614162,706.823437
50,1709.6111846399867,2.6360687533284564,706.919097
50,1726.033804012982,0.002617779866170937,706.946028
50,1925.8054333104321,0.005383488182837779,707.304353
50,1947.3802561287393,0.004880615871035689,707.342942
50,1998.6662164084732,0.029565662213771115,707.434396
50,2145.2557133845794,0.002250217527962958,707.695132
50,2164.0727075277196,0.013883213882906234,707.728442
50,2330.64711062443,0.0033954894361659894,708.023048
50,2549.810733523688,0.0016183031258184414,708.408409
50,2666.499491474445,0.28344888494859655,708.612215
50,2713.427530934566,0.002585473315792199,708.693962
50,2947.702856443257,0.0005445892521315917,709.100639
50,2985.7519779620006,0.0019046706265970033,709.166192
50,3351.9891249996826,9.604768882173549e-05,709.79519
50,3412.961410726996,0.0009037733892851486,709.898926
50,3448.81321373989,0.0005083879651852716,709.959772
50,3686.052684922212,0.0004754383826032014,710.361803
50,3717.2122775702114,0.0008677152388880733,710.41436
50,3741.195307015082,0.00378175690674263,710.45485
50,3767.468244462712,0.0018940159156171916,710.499008
50,3923.8333374232843,0.0017458882659788272,710.761448
50,4032.7755849576897,0.005100257714476645,710.942793
50,4176.036407649579,0.007665765844775416,711.182002
50,4582.006713469587,0.00039204537126654853,711.851533
50,4609.037178252195,0.0040248644433179106,711.895731
50,4659.016005583623,0.002011154438129913,711.97738
50,4813.096401070942,0.0007809080431236054,712.228965
50,4900.11675382929,0.0010370316968985193,712.369994
50,5165.033716542882,0.0006545135841091215,712.797766
50,5266.952515951153,0.0018517132270840344,712.960895
50,5459.890508649831,0.0182801030125489,713.268929
50,5499.724465298866,0.01818237049572591,713.332288
50,5897.815942695227,0.0005141067057528833,713.960812
50,5930.066031307742,0.0020036280691705,714.011146
50,6198.8529305516895,0.029679069708543688,714.429994
50,6460.582295762906,0.0015548319424089562,714.834306
50,6529.024608649549,0.002973456867511032,714.939331
50,6560.488197624673,0.0003529477457908049,714.988422
50,6716.188718812279,0.15204688399201796,715.225534
50,6742.97773718257,0.0029823412368397296,715.266375
50,6933.82208418466,0.02667588484156884,715.555954
50,7050.22190744541,0.0014118065134982665,715.73178
50,7822.289972011468,0.002547262357339782,716.879466
50,8273.012286852536,0.11336627879372888,717.534957
50,8325.847335325958,0.016561301102696546,717.61106
50,9929.593604588357,0.0008346147380568717,719.855074
50,10244.664085630153,0.0003910718195682746,720.279977
50,10359.321756374045,0.0015153406136205045,720.432526
49,5109.753340610439,0.007314723410976843,727.256055
49,1521.742486203671,0.2560040920516239,720.999275
49,5997.629566068599,0.14616296509684498,728.691039
49,90.53677404912494,0.0010994893734693188,718.293592
49,138.8907671145798,0.00022914887033814268,718.386526
49,427.25865756205906,0.0007088487110208144,718.940381
49,621.6726236214126,0.017023890106874426,719.311461
49,822.2103766513919,0.0006532483613153712,719.690943
49,909.0118999335434,0.0008345614586088338,719.855074
49,1147.552935373686,0.005479643860086533,720.302902
49,1188.4639063870222,0.006462649171310005,720.379385
49,1216.8333301963942,0.00022625571702461177,720.432526
49,1283.7697261053954,0.0005157503841332201,720.557597
49,1347.8158130658526,0.00024825069738089917,720.674826
49,1439.8999554825068,0.021100794905050964,720.846902
49,1508.0765433158604,0.0036603985242862694,720.97316
49,1522.2199048738833,0.258251751257084,720.999275
49,1537.2028529654071,0.01242102707175536,721.026889
49,1776.907983556714,0.044593051595398746,721.467738
49,1939.4569897080712,0.0006865874100605467,721.764858
49,1954.191866786415,0.0005567555097805932,721.791749
49,2007.9983372219683,0.0005906261727799672,721.889584
49,2131.7379991084854,0.0464901921939734,722.114077
49,2166.436022127007,0.0019226560181742176,722.176884
49,2232.9819982660606,0.0034603714994491507,722.297052
49,2462.6201952702077,0.003012260730811854,722.710083
49,2525.0412977608435,0.0012417754384191565,722.822069
49,2785.405731230378,0.013087715362381357,723.285511
49,2902.3043847247636,0.0006133677747093022,723.492378
49,3070.2098951847483,0.005431265070799816,723.78818
49,3213.76263021452,0.0013158529019683823,724.03971
49,3315.850631579959,0.003571432609922506,724.218026
49,3362.1826216113354,0.003167259604565381,724.298615
49,3456.8237051805827,0.006048615026902407,724.463113
49,3575.920480139637,0.03951929996547674,724.669294
49,3824.305706614561,0.0026715528672590617,725.096632
49,4100.165655398151,0.004353527555358488,725.567343
49,4199.264418287882,0.019307569454126323,725.73533
49,4490.305409718849,0.0006033684357927748,726.225599
49,4900.634696239407,0.0058335458731337605,726.909093
49,5006.143849391811,0.01492032487440017,727.0832
49,5111.201487298297,0.010814763655742602,727.256055
49,5136.718125206025,0.0018423740316277568,727.297968
49,5305.232239347484,0.0029080163583891355,727.573536
49,5638.613850049903,0.0010724499865659089,728.114417
49,5998.127890441728,0.14443793650056072,728.691039
49,6255.747115592258,0.0007115037958067399,729.09988
49,6284.286855946353,0.003545891418603286,729.144912
49,6478.053921930576,0.0003305951430827094,729.449335
49,6720.062801856302,0.01584253825115737,729.827602
49,6841.157011485883,0.014033926270971681,730.015423
49,8193.99866838672,0.0020240525755330515,732.061255
49,8618.029283696076,0.07826517870113064,732.682525
49,8646.157929417677,0.0014438910916555576,732.723685
49,8942.162205015198,0.0249885371692337,733.151099
49,9409.825087217007,0.00042973643724401574,733.815339
49,9583.031580323111,0.008381707236636312,734.061254
49,9766.108401942463,0.16956036143211697,734.317394
48,5605.681507374262,0.10855049323819894,743.229959
48,36.07695914426409,0.006282096334242158,733.151099
48,345.32973424681444,0.0020577102579669372,733.759701
48,458.24019830261443,0.0026328358330260427,733.980316
48,499.82040014044503,0.0030008392028686957,734.061254
48,520.6115866058755,0.00046387330917937704,734.102689
48,676.9341745060061,0.0015700256321529687,734.405361
48,690.7428025999562,0.004630183210349143,734.432224
48,705.1003468356165,0.008540713236998104,734.45997
48,900.1084953576518,0.002283813520953975,734.836639
48,936.7886460779578,0.0013422882512766846,734.906762
48,989.3826066660685,0.0013862096860133915,735.00782
48,1054.9774845155653,0.0009824145421512402,735.133523
48,1114.912200418594,0.005481767136461891,735.247938
48,1140.0753636645006,0.0007164146540102101,735.295572
48,1332.8355140360081,0.0008723340580040939,735.662934
48,1569.0929174103292,0.0010858636440983138,736.109229
48,1690.5609585317532,0.008109400836430046,736.337517
48,1908.9489939783448,0.0012080226201930215,736.745486
48,2177.3782305335635,0.0005405479758001814,737.24353
48,2200.3621496911496,0.005984497824823591,737.285508
48,2270.429421971476,0.044748231067816516,737.41352
48,2399.0407459094263,0.0004426055615889072,737.650749
48,2491.7636411559106,0.003897499890833284,737.820636
48,2530.3173565001084,0.032693795543525965,737.890925
48,2710.3797524964807,0.006183956125448771,738.218434
48,2725.2997222041804,0.011156833466451665,738.245596
48,2932.973041454102,0.022442852317454517,738.620892
48,2987.1155366819357,0.0023981543724196867,738.718488
48,3006.6253648439074,0.2643886211177646,738.753486
48,3037.621329787956,0.0010213577363849312,738.809126
48,3053.641852994209,0.005715921946134931,738.837916
48,3085.915614868693,0.0016160007349737798,738.895719
48,3100.137105990656,0.0018444757920799482,738.921096
48,3168.4925604967384,0.0013297683429662264,739.043186
48,3216.7405298748663,0.013262489691572916,739.129635
48,3263.894333981417,0.005715112076778216,739.213786
48,3451.7449178378083,0.02014296525415444,739.54744
48,3597.503993214907,0.0013655429900256983,739.805013
48,3789.6438623574063,0.0008731934480588526,740.142568
48,3808.926323265532,0.0009081442881214825,740.17647
48,3842.540659420993,0.00024939303405214716,740.235379
48,3931.221442784887,0.0015395949955380463,740.389794
48,3953.750982677044,0.043565642001555376,740.429097
48,4053.6746262553293,0.005648382393897251,740.602883
48,4069.214173785391,0.0036622063709750353,740.629851
48,4094.7732731989545,0.0013021074604790603,740.67416
48,4356.066286004238,0.0015510302354346803,741.125358
48,4479.015575094599,0.0005304142920826662,741.335742
48,4518.781308236707,0.0018989287423364402,741.404221
48,4783.784122489475,0.00036565194186102227,741.85498
48,5542.358012322495,0.0005513956909816386,743.125519
48,5606.204179891124,0.101724036812012,743.229959
48,5796.200085424616,0.0011106085584035967,743.542187
48,6109.931497183085,0.0014292293246736532,744.053443
48,6147.118112686275,0.008669248525936514,744.113483
48,6499.138439089068,0.05463376342719104,744.67993
48,6693.693881700582,0.03806385171655824,744.989983
48,7032.157361653485,0.0004638329449278092,745.52404
48,7160.872817521022,0.025853762759017216,745.726114
48,7317.741713225033,0.005577396985174437,745.970583
48,7388.827428521158,0.005676883176770262,746.080842
48,7590.781670857553,0.13687531702135017,746.392965
48,7913.798675158092,0.001385763596616954,746.887433
48,8104.34134088791,0.0014080242886436206,747.176143
48,8885.824379806087,0.25071045875589587,748.341458
48,9040.867145352422,0.08486822742483814,748.56863
48,9066.00677199811,0.0009403177658297948,748.60538
48,10550.932753779074,0.00043336212370461216,750.71202
47,10277.848313183104,0.03444832518844629,766.29988
47,540.9194565434501,0.0012668412926728032,749.76283
47,612.7497076575935,0.001054217728418592,749.905567
47,627.8078572249096,0.00024396357609317757,749.935691
47,641.0141581853261,0.001245739255388373,749.961506
47,657.9984290978531,0.0016799260275911314,749.99489
47,714.5746628225553,0.006694205768222712,750.106794
47,824.6670920549437,0.0016258086726572926,750.324452
47,1034.6444261120203,0.005701297402672397,750.73597
47,1198.0443047273618,0.0075622103802096465,751.054635
47,1214.3111733711255,0.0015182513758062223,751.086264
47,1346.0241232617943,0.005097408990239845,751.341835
47,1368.774008800036,0.013888053479577937,751.385872
47,1423.4305035083275,0.0027538916250394534,751.49146
47,1562.054780281242,0.0004998984330625288,751.758773
47,1625.7535426123147,0.0029537278367304616,751.881011
47,1689.056738643042,0.0017051711938059187,752.002123
47,1732.4376137901452,0.006917910537559171,752.085284
47,1760.0578645359788,7.725185429132369e-05,752.135182
47,1802.7068672659866,0.001309488127364104,752.21969
47,1935.560455274805,0.0023182094927089664,752.4725
47,2183.930048755364,0.0008907935459278229,752.942173
47,2385.9756442492494,0.007070181353363167,753.321737
47,2421.903860169348,0.002978671137656897,753.388917
47,2551.5475246961983,0.0015169669694566634,753.630809
47,2895.0311428107148,0.0013403176659996553,754.266743
47,3618.010146988194,0.0001430620364858317,755.583326
47,3705.9558980211687,0.0024221711399906296,755.740585
47,3793.3596994007653,0.0005953810792481281,755.896711
47,4298.80472010104,0.01083013591570306,756.793488
47,4482.898567622377,0.00286951162896223,757.11634
47,4594.961572126509,0.0016327431074322544,757.311688
47,4793.013057478331,0.000788299430657505,757.655282
47,4955.363929255009,0.004238939331990723,757.935458
47,4971.960550090455,0.0026347050452793152,757.964017
47,5082.664313786877,0.0005014335439874674,758.154367
47,5134.698065523587,0.0033378035923785888,758.243231
47,5154.93104301317,0.003593074544402317,758.277676
47,5480.1105405066655,0.00333580530884168,758.830252
47,5526.08807441177,0.003668810856071386,758.90832
47,5663.998451418322,0.02155070607753259,759.140444
47,6198.273128661004,0.04063049158509152,760.029868
47,6617.820121897269,0.0005046806192242352,760.71721
47,6693.537856518403,0.0016829405885777071,760.839818
47,6787.114235666527,0.052681068149576064,760.991716
47,6839.095509324998,0.0029365363780722163,761.07561
47,7825.881103493454,0.005099032081986819,762.641093
47,8010.176354159647,0.13978327156429252,762.927419
47,8332.089047410505,0.020470068150226266,763.423184
47,8769.9435149724,0.044657693368534555,764.088314
47,10278.321688520067,0.055388877457377535,766.29988
46,310.31772960634373,0.013671546106341673,765.593497
46,352.927218497575,0.004642947727509932,765.680664
46,384.11349874235805,0.00025226794622089496,765.742606
46,531.0222718897905,0.017022635599078326,766.043234
46,614.9010194337316,0.003514350058723235,766.213269
46,657.7247087558628,0.008815994439021455,766.29988
46,694.1920724750829,0.0011110268156496624,766.373341
46,878.7225384630157,0.0002894408279230437,766.745392
46,898.1048070848891,0.00035700054396748293,766.784397
46,939.8975226171417,0.009049553870212619,766.867808
46,1059.4296576712295,0.0014023721078406937,767.107105
46,1099.5479854651123,0.0009898149755635409,767.186886
46,1249.900601977438,0.00039196052766512254,767.487265
46,1425.4168066169461,0.008416773972654895,767.833258
46,1522.2442707314651,0.03365883592097421,768.023976
46,1722.4390466377922,0.0013869800360626686,768.416335
46,1742.702531997813,0.00013907986210339343,768.45617
46,1889.7022886863506,0.012196401624874235,768.74226
46,1933.331069227919,0.0036353820282961926,768.826939
46,2078.1549295368795,0.0004876636300813171,769.107692
46,2166.2357605804423,0.0005715583461781666,769.277629
46,2224.143091973214,0.006227041921609563,769.38879
46,2329.998639875762,0.0038299319171625204,769.591913
46,2623.8443602004645,0.004968973751713879,770.152208
46,2713.7781645475657,0.0038495115960979105,770.322739
46,2850.3868088192817,0.011308138154518452,770.580512
46,2935.6292537588934,0.00031824268651160147,770.740906
46,3089.2862024205074,0.0007037535158348244,771.029462
46,3181.686097634835,0.0026764916628943146,771.201286
46,3201.964528378478,0.023804664187625862,771.239102
46,3248.0149370714444,0.0024502710160360505,771.324733
46,3316.9131590438064,0.0029436757434921712,771.452806
46,3399.656528129077,0.012768225029423982,771.606072
46,3794.8549083384696,0.009981039166442609,772.332686
46,4222.240021105398,0.027662902472804257,773.107801
46,4254.043220257181,0.0010999827517605629,773.165013
46,4287.082915141934,0.001043389219576865,773.224521
46,4987.8446491408395,0.016847878605185364,774.469363
46,5067.241848257927,0.002937506163240919,774.608633
46,5375.084220099819,0.0005648124715993296,775.145121
46,5556.804465653947,0.00041319667149840756,775.458995
46,6710.898861046444,0.026733086783569636,777.408464
46,6742.786183631945,0.0003051103754054591,777.460554
46,6906.636937542158,0.00226677336734388,777.731597
46,7109.011394471343,0.013937107967551578,778.063255
46,7313.969687125587,0.008322866167126922,778.396848
46,7344.183172009252,0.03728282338506941,778.445801
46,7411.88961888897,0.0015245468350959,778.555404
46,7755.812342605562,0.291073244982062,779.107743
46,8020.208210301613,0.002029615632940623,779.527599
46,8724.885514998521,0.007251899414497403,780.628906
46,8998.022698995337,0.01971355479385729,781.04791
46,9183.259841881809,0.0027413549141725186,781.329891
46,9494.904811913633,0.0005162230503398239,781.79986
46,9662.243776435813,0.008031992778757246,782.04986
46,9935.062275044476,0.004320862299213217,782.454061
45,8814.46159245035,0.9536893955816049,798.116773
45,16.866423876257898,0.047649351030914215,781.9921
45,236.61995070540647,0.0017530006548868789,782.454061
45,315.5820456913247,0.00223042734436142,782.619548
45,785.2012552522983,0.0007362000689734593,783.59301
45,818.3527773998086,0.00845362667840349,783.661344
45,836.1219454642282,0.0009601602896076514,783.697696
45,857.5360066880752,0.0013576030890770235,783.741803
45,875.0439189947549,0.004582612237657088,783.77772
45,1138.229513036221,0.0007993056109369543,784.315436
45,1200.5804907577042,0.010943778974161439,784.442302
45,1263.8750295027744,0.0005231683359662663,784.57094
45,1474.5458235979172,0.013311387997291679,784.99614
45,1506.924635329852,0.01542997783329499,785.061399
45,1634.2486487785322,0.0005551766295341858,785.317158
45,1694.3850300898032,7.233266653354639e-05,785.438042
45,2015.7411599602376,0.0005159193475684254,786.075655
45,2205.801467661669,0.000752911108641402,786.450909
45,2291.146333607591,0.007427956895607525,786.618528
45,2390.7157314110846,0.05888474780222152,786.813409
45,2478.81811489295,0.002065717573992091,786.985355
45,2515.5133642748306,0.006000871739093276,787.056882
45,2542.7852721782097,0.0017463921473494799,787.109935
45,2665.010128504967,0.0016019192373258795,787.3472
45,2880.4917750462123,0.002915469659283522,787.762991
45,3227.263795501197,0.002214255471221848,788.42644
45,3306.751088270502,0.001184318975307692,788.577368
45,3448.2968389198786,0.052486912001537,788.845262
45,3739.979389826618,0.0021486893132345902,789.393446
45,4034.4006016389085,0.00120031319087858,789.941448
45,4163.32740605477,0.02721628817753452,790.17962
45,4201.142290020225,0.03143698985697161,790.249347
45,4365.26242382745,0.001546846078227285,790.550732
45,4425.321172181859,0.0056093861685824215,790.660806
45,5180.067743924626,0.0011070574710515333,792.02384
45,5415.806566212313,0.0024649939267760647,792.442408
45,5724.257118955234,0.0015836366002829876,792.98482
45,5797.710028077458,0.0019489967935482587,793.113536
45,6044.910329655002,0.0014623138981580772,793.543646
45,6231.75086371184,0.0019373927755663449,793.866196
45,6248.56040434479,0.0005132188293878768,793.89457
45,6304.849941214745,0.03565716102719939,793.991699
45,6504.808914133413,0.0006838527012901067,794.334289
45,6843.761207054514,0.0015316648145643453,794.908255
45,6906.436767075287,0.0007492716266824493,795.013612
45,6970.90945442096,0.00018263465810681033,795.121213
45,7010.137739917492,0.0067569507927102415,795.18766
45,7753.861986567454,0.011029427920338068,796.417334
45,7982.901741606796,0.004237041252254405,796.789669
45,8236.377354678538,0.001688944013006274,797.198307
45,8411.892375149786,0.10576719645694166,797.478876
45,8510.215289768514,0.027969068547459112,797.635255
45,8529.749555086251,0.00031135109793019956,797.666226
45,8618.912054005692,0.0008413015808667759,797.807071
45,8814.969958072059,1.3014643505459798,798.116773
45,8958.77319509893,0.011731391602374314,798.342163
45,10419.97220618579,0.01019998746000055,800.565606
44,4939.70774330288,0.09223585508281965,809.58495
44,86.81995171830587,0.0012584232277302776,799.91693
44,330.38569616286816,0.0010531589861633758,800.438897
44,349.5685327835301,0.0002180714231686466,800.479805
44,912.511890248793,0.0013380848276956171,801.670678
44,1057.273277634698,0.001392356577616669,801.973297
44,1381.3142367063735,0.007944207002410305,802.646008
44,1452.8446385075788,0.007603938571639641,802.793407
44,1519.3248573929643,0.0008615481683455018,802.929963
44,1670.8642647841216,0.01020730750164838,803.240879
44,1780.1670717273726,0.08668823805255985,803.464052
44,2040.188682830952,0.0004742431593236012,803.991778
44,2792.1248092699843,0.0006099947557207111,805.493429
44,2807.2325883753997,0.000338364370064383,805.522871
44,2884.3363962565736,0.002520731795572273,805.675059
44,3059.808986914456,0.006118035198606673,806.019028
44,3262.143216592304,0.00036943729922981375,806.413771
44,3283.396404515659,0.0013332386130633104,806.454667
44,3298.9254117672303,0.022305393242903895,806.484811
44,3390.4506083020733,0.00018297059058226453,806.661559
44,3516.0030357537357,0.011807598432754798,806.904502
44,3977.7233258170013,0.024563317630050523,807.787296
44,4486.245858660874,0.03624416738094402,808.744252
44,4558.8177724937905,0.0007812003994514751,808.87973
44,4596.714398960042,0.0002551307578239695,808.950143
44,4673.549702247232,0.0008040468718550011,809.09281
44,4715.822178484689,0.007361859624325388,809.171012
44,4738.674574402814,0.0005636581464338816,809.213176
44,4817.224874493898,0.000877138528848599,809.358083
44,4864.834562415977,0.008887623873615373,809.446279
44,4940.2065357854,0.08510151640197516,809.58495
44,5084.03166470874,0.004104619555420578,809.848626
44,5150.990726611953,0.0004131183207399994,809.970759
44,5541.073394725332,0.0003492192902284993,810.678733
44,5587.731426481853,0.04000218803108169,810.76236
44,6546.100266497225,0.009698283243553674,812.458138
44,6567.761538801372,0.03227487355402921,812.495729
44,7261.205192822474,0.0003481289586391079,813.687235
44,7330.0822885039615,0.00029468844888601406,813.803892
44,7456.0158845017495,0.014854939721825436,814.017415
44,7737.957389722965,0.00460912821582722,814.490635
44,8301.093466980818,7.11913902453117e-05,815.422417
44,8326.032332568051,0.006938584927470603,815.462304
44,8545.006885673896,0.003745481183560365,815.81946
44,8779.04269705362,0.33845608595869914,816.19713
44,8990.928641728087,0.02526814066850053,816.536558
44,9200.168513215662,0.01881860448850384,816.869319
44,9347.354792696688,0.0004570287396901677,817.101777
44,9560.996010111683,0.02183507923883249,817.437042
44,9726.111925799229,0.0005198593118635713,817.69472
44,9886.290210184403,0.00075725986342923,817.942792
43,7645.490285649425,0.7371973906660425,833.273903
43,55.192270792520794,0.001226751392605769,818.45195
43,266.69080022567414,0.05766614759735227,818.916234
43,623.6097744539939,0.0003080617511250699,819.693866
43,797.9737103656511,0.0010292152632325336,820.069522
43,970.7393498697926,0.005558905028700715,820.440189
43,1019.9911682994393,0.00685696999671607,820.545593
43,1109.5870985592114,0.0014062986296562011,820.73668
43,1146.051835027913,0.0006318712812271613,820.814225
43,1194.7882625853374,0.0007770210221672525,820.91796
43,1220.8897534105372,0.0062534600822505846,820.973522
43,1313.7381409088582,0.0024828767169438313,821.170272
43,1328.0580582429532,0.0008275389195642549,821.200719
43,1342.4666095034222,0.000632064280503589,821.231096
43,1445.1900857940238,0.0009510357604975356,821.448007
43,1471.6100982134667,0.0008038893787142886,821.503964
43,1503.6772780850274,0.0012835132268716176,821.57097
43,1536.6593569282093,0.007973841444430033,821.640556
43,1683.5776909275473,0.008304306997984465,821.948545
43,1714.0841721985187,0.0008040651742906724,822.01261
43,1821.7202634283578,0.0002525463322582926,822.23703
43,1980.77094171876,0.0011486812723167442,822.567204
43,2012.3748201168132,0.001225216145731565,822.63276
43,2369.2303716478027,0.014986404155579575,823.367
43,2465.810167295776,0.0005045891840783581,823.564242
43,2542.3030823934164,0.0031157683865959433,823.720222
43,2568.9722182926075,0.00013772566625905585,823.774935
43,2611.6775160346283,0.0034849524754474925,823.86091
43,3412.7168036395396,0.07575191646505981,825.466215
43,3531.7771448734175,0.023075526128233947,825.701157
43,3716.3851050417015,0.0019999415480019505,826.063725
43,3747.888697356804,0.001994836991130654,826.12562
43,3774.875740367537,0.010921497220917611,826.178256
43,3851.8289807474694,0.01567023913243092,826.328526
43,3901.885352217787,0.0003112381086694618,826.425729
43,4505.703557546954,0.0012671814204448858,827.58975
43,4611.057775479991,0.10264758363549606,827.790142
43,5080.856620399951,0.0005504241389000801,828.675747
43,5513.70483543768,0.015268685049146701,829.480646
43,5678.102969232453,0.01335222676555562,829.783005
43,5831.968387297739,0.0018381422585286341,830.06455
43,6166.062734689618,0.006699873331417979,830.670758
43,6190.11206875876,0.0016433806679989284,830.714237
43,7523.57235613252,0.002020368002807393,833.063462
43,7645.99203748127,0.8884967181976998,833.273903
43,8601.140277667726,0.00472272095415471,834.883703
43,9125.875442470977,0.002465326945884881,835.744393
43,9890.066955759361,0.018425566300392313,836.969336
42,321.8941946583612,0.0011125429176674863,838.539224
42,404.4801603751151,0.00029999316076346783,838.72383
42,440.0102226854896,0.0013448828158665286,838.803267
42,501.9236725283715,0.001365073336854967,838.941016
42,566.3580719437531,0.006367692334318837,839.08415
42,761.7966917389095,0.0005805399262757066,839.516257
42,892.0127585511646,0.001029467415440091,839.80313
42,953.3751529637897,0.00037370639086082175,839.937898
42,1003.8135016818168,0.0016843127846850319,840.048579
42,1053.3489986532986,0.004611374377875754,840.156601
42,1071.9330927080969,0.002911831971224315,840.19724
42,1178.6692336322537,0.009738543369886258,840.429903
42,1378.1643872654222,0.0009979545011925693,840.862623
42,1394.9078453396721,0.003253419093944128,840.898829
42,1574.3757455424284,0.0007771134689452447,841.285488
42,1638.3213500051388,0.009584260387250973,841.422877
42,1688.0555788417216,0.0005296841477421015,841.529426
42,1748.7135147444171,0.0003958941666228924,841.659774
42,1780.3261354171568,0.0010486446098435436,841.726494
42,1800.4795724735104,0.0023615652470007596,841.769856
42,1816.3676816836398,0.0007760430107235091,841.8037
42,1863.5164359697178,0.3158224588168406,841.903977
42,1880.780747251791,0.0032105066113079323,841.940701
42,1904.70859990748,0.0034842104598840516,841.991497
42,1923.3422105782356,0.0563224727471334,842.031133
42,2075.580560241903,0.17128335587645407,842.353942
42,2208.456238936072,0.012689281398175283,842.634252
42,2521.8234255312022,0.0013415999200625916,843.290489
42,2613.341079360848,0.001274672537281558,843.481073
42,2770.1677291911415,0.0018058296810803324,843.80604
42,3245.2835860583355,0.09720041174014676,844.780772
42,3295.6539234772636,0.2763023488734169,844.883244
42,3559.327704839715,0.00042694590970079443,845.416934
42,3587.021918009966,0.0029629882617526007,845.47248
42,3636.9606359370796,0.0016554561023601096,845.572736
42,3712.7933055427006,0.003267597817118756,845.725243
42,4180.842157750231,0.035184712047761905,846.656238
42,4253.590483885,0.011081762699123239,846.799672
42,4567.824085198564,0.022192865524763575,847.41538
42,5162.760295996732,0.0038786472985937155,848.563277
42,5310.138918151428,0.00021952652305523077,848.844476
42,5333.895903739598,0.0018712965341492643,848.889446
42,5382.405185396851,0.001557365280894188,848.981638
42,5611.656234372675,0.0010857728343418838,849.415078
42,6051.069221292329,0.002117510594429105,850.235324
42,6127.841275235767,0.008731969053050999,850.377618
42,6145.176044851322,0.0012365203534295806,850.41027
42,6628.7895952040035,0.046078840191558626,851.296217
42,6905.164950307577,0.0004945535222854273,851.795635
42,6956.9916174355385,0.037193154797000305,851.889435
42,7111.946790313246,0.019435801620579472,852.167222
42,7983.921189979688,0.004510730331954446,853.702485
42,8446.694155311117,0.0013094592568480064,854.497765
42,8561.993250741936,0.020222062993430094,854.694293
41,101.66141530191294,0.00084930366751145,858.48808
41,461.0914702137616,0.001162998926493687,859.31152
41,508.64232287025317,0.002828477341687925,859.4199
41,909.830352857468,0.0009640874293997847,860.327933
41,1048.2540348699283,0.0012369395632708296,860.638014
41,1113.7126798592549,0.0008051428799742815,860.784623
41,1144.0382033043552,0.0008319634751849448,860.851892
41,1214.7718003526304,0.0009879828293307843,861.009682
41,1288.0680094199163,0.00055302235472406,861.172776
41,1598.4699452411319,0.009528767658705951,861.858853
41,1639.2570445609833,0.0007645257066362613,861.94886
41,1945.1627777519252,0.0006873226678142637,862.61703
41,2140.6303074074403,0.000857334926719638,863.040474
41,2191.8794847048434,0.0015344132634569786,863.151241
41,2416.8027386723697,0.0003975631352227178,863.634635
41,2499.3507419778102,0.002714850719602548,863.81137
41,2622.281488835176,0.009335641590134803,864.073505
41,2950.5889652617116,0.015189332914240024,864.768343
41,3133.618126524184,0.005663496882207436,865.152472
41,3195.770589480751,0.00020693635508668682,865.282914
41,3456.951438832736,0.010221679478745888,865.825357
41,3924.68365425041,0.11345076561767091,866.786545
41,4021.0350100251635,0.0024165832329103554,866.98264
41,4054.001469113004,0.010782664426266741,867.049699
41,4415.002396133731,0.0009669697977014426,867.778065
41,4477.636359641712,0.00016444801579264075,867.903673
41,4570.2175944247765,0.0017610663956733308,868.088677
41,4952.869308501571,0.0030134878303300305,868.847847
41,5042.163797288257,0.010997443445685153,869.023412
41,5109.725855780549,0.00099488359088418,869.156244
41,5220.2469338365145,0.0027692438407215343,869.372106
41,5413.568512642878,0.0018660862136806124,869.748734
41,5594.401966000624,0.005898579486242698,870.09854
41,5840.795420397112,0.000718781523886093,870.57228
41,5860.342944307045,0.005137106137764928,870.609291
41,5921.080972957113,0.006299843349558796,870.725059
41,6151.31645288447,0.06135021787234825,871.162596
41,6343.120697946555,0.002918265423988726,871.524343
41,6385.848790632731,0.003975965358228977,871.604725
41,6706.006786990191,0.004872040077932019,872.202451
41,6927.054566423774,0.0026605510265033418,872.611391
41,7130.073611196899,0.0025288419051067447,872.98449
41,7491.912790627612,0.010738203185132071,873.642157
41,8343.017890266101,0.0409860393767383,875.157238
41,8677.761095367361,0.0008475020574958521,875.740305
41,9669.1620824483,0.03986762231085901,877.426924
41,9769.198624913151,0.0019099639976194126,877.594116
41,10441.00451017725,0.006449270846703679,878.697463
41,10531.480523512902,0.0005960630350749577,878.844316
40,8328.162686169275,0.4015947716525625,897.010184
40,8328.65067643903,0.4894408914936312,897.010184
40,61.26550396177962,0.0006674836416703774,879.855688
40,420.3242147080795,0.0062204949233189265,880.700682
40,476.21891129974017,0.0008402440814798942,880.831692
40,760.7707705974349,0.0008963449197842802,881.493028
40,1162.8821399102167,0.0014324640115233563,882.418023
40,1798.8084369947112,0.0013415638557410837,883.856297
40,2024.9433391998164,0.022585084411006987,884.361065
40,2393.0621488678617,0.00437265669062594,885.174483
40,2648.806625752218,0.005000432858785291,885.73393
40,2785.3402792193788,0.0010519476357676895,886.030678
40,2838.062491729083,0.004083934884884474,886.145027
40,2856.088090576589,0.0007990841147702368,886.184349
40,3092.775683121771,0.0026845054585591154,886.69425
40,3142.6082908104686,0.009157226067674397,886.800994
40,3195.664566048738,0.002379885443603595,886.91488
40,3294.9423781746164,0.05461868489897104,887.126815
40,3864.95369861057,0.0004525542256361823,888.332043
40,3913.845144046508,0.002909651914605675,888.433956
40,4195.273473882425,0.0001036214658171824,889.01899
40,4264.905843042621,0.009551471865494772,889.163437
40,4475.974024601642,0.006818797064086038,889.598084
40,4758.128449519524,0.0021890722097547967,890.174182
40,4902.032433748652,0.0008125990943785151,890.465809
40,4982.267713829162,0.0005207212986335771,890.62779
40,5332.232655178141,0.007490139821064009,891.330265
40,6011.263606254296,0.0017987688455018244,892.669609
40,6190.909779101104,0.0030493277698883372,893.01805
40,6483.847086990669,0.0007008463384703652,893.582049
40,7317.151510506273,0.028515690777835303,895.1579
40,7797.026790975873,0.012698387619025583,896.044488
40,8066.132862859162,0.0033225509431404027,896.535399
40,8329.142005988273,0.5717891216163539,897.010184
40,8401.884681447065,0.004282325233914087,897.14104
40,8735.546209570033,0.0007689801126286305,897.7353
40,9148.033492243336,0.005006368468125101,898.460497
