xobs,yobs
10.5,0.9728120692841228
10.503875968992247,0.33226911298249323
10.507751937984496,0.14192928013159156
10.511627906976743,1.0853626101103482
10.515503875968992,0.6621840020587378
10.51937984496124,1.3744071911467624
10.523255813953488,1.594754962274118
10.527131782945736,1.0403525067745492
10.531007751937985,0.7495823873338056
10.534883720930232,0.39087382810580995
10.53875968992248,0.16407885182030793
10.542635658914728,1.0737395194628274
10.546511627906977,0.2686863857653763
10.550387596899224,0.579533301850036
10.554263565891473,1.0326090846532598
10.55813953488372,0.2521186431172218
10.562015503875969,1.5442170252246061
10.565891472868216,0.4184067286436197
10.569767441860465,0.9263542199933165
10.573643410852712,0.38570958641245806
10.577519379844961,0.18674167123255364
10.581395348837209,0.30812335409326924
10.585271317829458,0.7865538380576191
10.589147286821705,0.2142438232132475
10.593023255813954,0.378290846576709
10.5968992248062,0.665755225711563
10.60077519379845,0.3123336869414993
10.604651162790697,0.186252976827154
10.608527131782946,1.928903121988766
10.612403100775193,0.7420132753807942
10.616279069767442,0.6543735691813847
10.62015503875969,0.5798531041233094
10.624031007751938,0.7470066331119293
10.627906976744185,0.47451825682028514
10.631782945736434,0.6634310836039748
10.635658914728682,1.2431473873650034
10.63953488372093,0.119491669538818
10.643410852713178,0.10027068320068168
10.647286821705427,0.45642189992921267
10.651162790697674,0.5061353016822029
10.655038759689923,0.11041319657891878
10.65891472868217,0.8509635064211091
10.662790697674419,0.8011039172840501
10.666666666666666,0.09680068522337444
10.670542635658915,0.00829727359424053
10.674418604651162,0.25481033254294555
10.678294573643411,0.1357750815216602
10.682170542635658,0.08323037459309846
10.686046511627907,0.8837041028467812
10.689922480620154,0.15252088819506096
10.693798449612403,0.10631992455297261
10.69767441860465,0.05786849880025839
10.7015503875969,0.9120586217392727
10.705426356589147,0.5230246024713632
10.709302325581396,0.7601848519852812
10.713178294573643,0.5254048448979814
10.717054263565892,0.13112978718954632
10.720930232558139,1.3480356805849891
10.724806201550388,0.03858209372424672
10.728682170542635,0.18673103391937385
10.732558139534884,1.0385626005914235
10.736434108527131,0.126179132337331
10.74031007751938,1.7107620280218956
10.744186046511627,0.3594673245599683
10.748062015503876,0.9191608771895886
10.751937984496124,0.18421565490461647
10.755813953488373,0.22655096589172052
10.75968992248062,0.7355419767937331
10.763565891472869,0.5204980576326306
10.767441860465116,0.07236868878237403
10.771317829457365,0.46740802264738723
10.775193798449612,0.41085795292123806
10.779069767441861,0.6446041372639503
10.782945736434108,0.20177535239892555
10.786821705426357,0.08051926838624929
10.790697674418604,0.9181142961951607
10.794573643410853,0.10662390887765222
10.7984496124031,0.3107073929536405
10.80232558139535,0.4436444306776867
10.806201550387597,0.21408594883751203
10.810077519379846,0.28489771947656056
10.813953488372093,0.33157774483657093
10.817829457364342,1.5550144875906788
10.821705426356589,1.3692314710503941
10.825581395348838,0.6570896165931019
10.829457364341085,0.5821422672187075
10.833333333333334,0.40152336032445163
10.837209302325581,0.6444352178733874
10.84108527131783,0.14994045371774753
10.844961240310077,0.4621748142959927
10.848837209302326,0.7433424334771933
10.852713178294573,0.5733076944001853
10.856589147286822,0.421928579897167
10.86046511627907,2.3544292838151346
10.864341085271318,0.12012209071800574
10.868217054263566,0.6089025786516946
10.872093023255815,0.3324724845897758
10.875968992248062,0.07322323782553251
10.87984496124031,0.2655655448078111
10.883720930232558,1.7291892926196717
10.887596899224807,0.006027558314704531
10.891472868217054,0.6563663381685899
10.895348837209303,0.1953265585168526
10.89922480620155,0.5461706990039674
10.9031007751938,0.06764855976675557
10.906976744186046,0.879202353226579
10.910852713178295,0.23538573075976482
10.914728682170542,0.5236437061167647
10.918604651162791,2.7163857546630283
10.922480620155039,0.30513948124951834
10.926356589147288,0.08418606666860445
10.930232558139535,0.037119467054776464
10.934108527131784,0.8651348804206898
10.937984496124031,0.29422066313440276
10.94186046511628,1.027603144470043
10.945736434108527,0.7231358711752471
10.949612403100776,0.18876825052020424
10.953488372093023,0.4404814528335108
10.957364341085272,0.8171561065596076
10.96124031007752,1.0577427247242586
10.965116279069768,0.2422018681856477
10.968992248062015,2.1127334600909404
10.972868217054264,5.246909133307759
10.976744186046512,2.9069380964160176
10.98062015503876,3.1481941069640045
10.984496124031008,2.302071910445073
10.988372093023255,2.1639368900076077
10.992248062015504,0.73363224080939
10.996124031007753,3.3207263021868645
11.0,4.50440356138027
11.003875968992247,7.091029303111084
11.007751937984496,3.8718350282409175
11.011627906976745,5.90226612559465
11.015503875968992,3.5806487457797487
11.01937984496124,0.3669849389167376
11.023255813953488,0.5811113310096252
11.027131782945737,0.4906478518911401
11.031007751937985,0.4996014519765076
11.034883720930232,1.5852755724468934
11.03875968992248,2.7408575784158957
11.042635658914728,7.863657159221224
11.046511627906977,7.085701581577738
11.050387596899224,4.769648066113179
11.054263565891473,5.362381724786507
11.05813953488372,18.890520000762017
11.062015503875969,2.1894765618911096
11.065891472868216,17.01674906467384
11.069767441860465,0.42640323107077066
11.073643410852712,5.742997196547095
11.077519379844961,17.274605400948456
11.081395348837209,2.238703523254953
11.085271317829458,9.227727200063084
11.089147286821705,1.6025247775323492
11.093023255813954,7.687864325613011
11.0968992248062,10.249675711336806
11.10077519379845,24.845804489089847
11.104651162790697,0.11017796261251404
11.108527131782946,7.4623920766044325
11.112403100775193,13.93175833846721
11.116279069767442,1.1155311593529198
11.12015503875969,3.5046070247529664
11.124031007751938,7.599709565678668
11.127906976744185,0.18300930779331492
11.131782945736434,7.449566691006734
11.135658914728682,14.379475772216745
11.13953488372093,0.22035730943896037
11.143410852713178,0.5644356143439873
11.147286821705427,1.3466455815236757
11.151162790697674,4.283601657390767
11.155038759689923,0.6294658650010496
11.15891472868217,0.5431150244342875
11.162790697674419,12.365129806837434
11.166666666666666,1.0553431374516289
11.170542635658915,9.912800403840253
11.174418604651162,25.288343567542487
11.178294573643411,3.429997226732558
11.182170542635658,3.8235457663055397
11.186046511627907,3.151026249248252
11.189922480620154,2.529023958945611
11.193798449612403,1.359030089596317
11.19767441860465,12.156314546969138
11.2015503875969,0.49212864593750644
11.205426356589147,9.170152790915376
11.209302325581396,2.925987012345563
11.213178294573643,5.943207208486986
11.217054263565892,7.930740397197209
11.220930232558139,4.443824396546409
11.224806201550388,10.572228955808418
11.228682170542635,0.01711818385489394
11.232558139534884,0.2393394250238561
11.236434108527131,7.692247510293559
11.24031007751938,0.7069474616038082
11.244186046511627,6.485163404245762
11.248062015503876,2.316035701463501
11.251937984496124,2.996075703235802
11.255813953488373,1.8561496969416866
11.25968992248062,0.24208938229008528
11.263565891472869,4.125580610391601
11.267441860465116,3.191152393863076
11.271317829457365,4.3786278717483835
11.275193798449612,0.5628321198470267
11.279069767441861,2.0345198334549766
11.282945736434108,2.725789104710947
11.286821705426357,1.8423826508989243
11.290697674418604,0.4297235811567189
11.294573643410853,0.8332608012282652
11.2984496124031,1.8617987941856284
11.30232558139535,3.087383393164628
11.306201550387597,3.050704351514786
11.310077519379846,0.8328896879115786
11.313953488372093,0.7445157971716848
11.317829457364342,6.376488787219493
11.321705426356589,2.5404690272514507
11.325581395348838,0.3761147992161921
11.329457364341085,3.019674964653734
11.333333333333334,1.6339880924608285
11.337209302325581,2.261351974619277
11.34108527131783,0.37972834008389883
11.344961240310077,0.03879176686279198
11.348837209302326,1.0801162655510754
11.352713178294573,6.159475729203682
11.356589147286822,2.7463159623681235
11.36046511627907,1.8629478273667985
11.364341085271318,9.045127823790853
11.368217054263566,0.7028823267004458
11.372093023255815,8.816538587094142
11.375968992248062,2.7146882448630723
11.37984496124031,0.7139468806824841
11.383720930232558,0.329603576138834
11.387596899224807,0.4098533540979831
11.391472868217054,0.2837373268151225
11.395348837209303,3.1392198239497544
11.39922480620155,4.955845130439416
11.4031007751938,1.4493513502137934
11.406976744186046,1.025123876021293
11.410852713178295,2.051650690684653
11.414728682170542,0.21465046211269911
11.418604651162791,2.668300418110459
11.422480620155039,2.1300222157415347
11.426356589147288,0.6675054317108721
11.430232558139535,2.3127665029062943
11.434108527131784,0.7054741392141021
11.437984496124031,0.48102577243738887
11.44186046511628,1.5621592921991538
11.445736434108527,1.6036327266021286
11.449612403100776,3.547348528490291
11.453488372093023,1.2412097494792884
11.457364341085272,3.9609839848218544
11.46124031007752,1.650870786436417
11.465116279069768,0.1415135102558691
11.468992248062015,2.9086997333604754
11.472868217054263,0.09744191114721051
11.476744186046512,3.520102180450628
11.48062015503876,1.3900496614103708
11.484496124031008,2.3972601838156136
11.488372093023255,0.12386232162072235
11.492248062015504,0.9073209609868124
11.496124031007753,0.048166676838938834
11.5,0.8678070641750119
11.503875968992247,1.3359326937640243
11.507751937984496,3.134027097714018
11.511627906976745,2.1307344209417454
11.515503875968992,0.530694784841643
11.51937984496124,0.169365186119406
11.523255813953488,0.8850025559413328
11.527131782945737,0.18811800526391395
11.531007751937985,0.14608417580574912
11.534883720930232,2.145886004153542
11.53875968992248,0.3492714605843894
11.54263565891473,0.1282142441819679
11.546511627906977,2.077645975030779
11.550387596899224,0.6312630896010679
11.554263565891473,0.7226150736590371
11.55813953488372,0.5199209509137755
11.562015503875969,0.4641444541901009
11.565891472868216,0.15667984090641104
11.569767441860465,0.009697199455860164
11.573643410852712,0.032539631017604737
11.577519379844961,1.3188407186192632
11.581395348837209,0.9499991441626631
11.585271317829458,0.2811545673077382
11.589147286821705,0.03200754902830956
11.593023255813954,4.068077112711913
11.5968992248062,0.3934894961413197
11.60077519379845,1.6065837405626906
11.604651162790697,1.285945941598809
11.608527131782946,1.4748235995016188
11.612403100775193,0.5105080815391281
11.616279069767442,0.33015524256280415
11.62015503875969,1.5615597591190382
11.624031007751938,1.017413619148779
11.627906976744185,0.47235589458522315
11.631782945736434,2.8106419648033216
11.635658914728682,0.8239315874392711
11.63953488372093,1.4670541511404163
11.643410852713178,1.4269086132103457
11.647286821705427,0.38511120265452264
11.651162790697674,1.32219178365057
11.655038759689923,0.7702825394603381
11.65891472868217,0.43696885079175063
11.662790697674419,0.6168434052633788
11.666666666666666,0.19037098064880542
11.670542635658915,0.25862064082163333
11.674418604651162,1.4290728565318496
11.678294573643411,2.4917404976765565
11.682170542635658,0.21958861988576261
11.686046511627907,1.3457552251423832
11.689922480620154,2.68249800879406
11.693798449612403,0.9729320836719814
11.69767441860465,3.776394039685703
11.7015503875969,0.49794498548333865
11.705426356589147,11.579575710574272
11.709302325581396,7.075620717804684
11.713178294573643,1.7985169990463115
11.717054263565892,1.6212883498212025
11.720930232558139,0.5218245945789157
11.724806201550388,0.9113002885025092
11.728682170542635,1.6858912796308205
11.732558139534884,2.427773026791077
11.736434108527131,2.120002138142887
11.74031007751938,7.6500915156122815
11.744186046511627,4.879584373271773
11.748062015503876,1.1512085355859347
11.751937984496124,17.094031846024304
11.755813953488373,5.910977538998159
11.75968992248062,8.093080644359743
11.763565891472869,0.21383683265842104
11.767441860465116,4.199702017082573
11.771317829457365,1.99623733941501
11.775193798449612,14.43120477653157
11.779069767441861,10.745197928252296
11.782945736434108,6.719030726779465
11.786821705426357,1.5711767404712218
11.790697674418604,1.612870170402772
11.794573643410853,9.951111110358857
11.7984496124031,11.440234545584456
11.80232558139535,0.3344391792643297
11.806201550387597,4.175406343155399
11.810077519379846,5.004723574091209
11.813953488372093,10.586326528562541
11.817829457364342,6.928206238714121
11.821705426356589,0.9332087722422684
11.825581395348838,3.133694014266159
11.829457364341085,3.5247862986919025
11.833333333333334,3.5618536600564026
11.837209302325581,0.02944920820828949
11.84108527131783,4.4826922874184
11.844961240310077,8.544727008056038
11.848837209302326,10.57282370133794
11.852713178294573,7.954145911494707
11.856589147286822,5.869182226075826
11.86046511627907,3.028213870141423
11.864341085271318,2.3104837323352827
11.868217054263566,1.3214704412382439
11.872093023255815,4.967322007226998
11.875968992248062,3.1526658775590577
11.87984496124031,9.418266256106193
11.883720930232558,1.2687449367638697
11.887596899224807,2.112647271906208
11.891472868217054,5.07484369612278
11.895348837209303,1.3632476539547909
11.89922480620155,3.360204755940456
11.9031007751938,4.531516165915274
11.906976744186046,1.9559256547867125
11.910852713178295,2.3359018054213823
11.914728682170542,1.1488208193888083
11.918604651162791,12.508219416060335
11.922480620155039,6.228868809891956
11.926356589147286,0.28696099376734224
11.930232558139535,12.319316808190012
11.934108527131784,3.1208983401907053
11.937984496124031,1.408836472293992
11.941860465116278,1.5863906787651763
11.945736434108527,2.5460269973770315
11.949612403100776,4.844048578399244
11.953488372093023,8.089766161070449
11.95736434108527,2.4270577287136086
11.96124031007752,0.3717507842524575
11.965116279069768,4.895984517132107
11.968992248062015,4.452689288846851
11.972868217054263,9.685087529214236
11.976744186046512,5.076944447238122
11.98062015503876,12.541111239846408
11.984496124031008,13.753826985205764
11.988372093023255,1.9923540509688153
11.992248062015504,2.56392804419869
11.996124031007753,0.17584782951781963
12.0,1.3060863535739666
12.003875968992247,2.351720559725657
12.007751937984496,0.9012154055347735
12.011627906976745,0.2337189933072619
12.015503875968992,0.6009711544250779
12.01937984496124,0.5130622348324996
12.023255813953488,7.068922802326647
12.027131782945737,2.6382116181026194
12.031007751937985,8.0141733812151
12.034883720930232,3.373354598953328
12.03875968992248,2.1736398896420006
12.04263565891473,0.9765830020786641
12.046511627906977,3.453816718816081
12.050387596899224,2.0955990800434523
12.054263565891473,3.1671828738463543
12.05813953488372,4.756801082822493
12.062015503875969,0.5023378572809455
12.065891472868216,0.6664382771104987
12.069767441860465,2.5880883480777146
12.073643410852712,0.662637099712316
12.077519379844961,1.7524819237246967
12.081395348837209,1.6994465597234847
12.085271317829458,1.611998531429037
12.089147286821705,1.9170951378007548
12.093023255813954,0.15292534716701583
12.0968992248062,1.6340586910556396
12.10077519379845,2.1390981935539086
12.104651162790697,0.7397462397183047
12.108527131782946,2.0854086422540785
12.112403100775193,3.889755123566519
12.116279069767442,4.918611261717484
12.12015503875969,0.146280827500717
12.124031007751938,3.9086647219034782
12.127906976744185,4.53435923151611
12.131782945736434,0.8338420127731129
12.135658914728682,1.126256170237723
12.13953488372093,2.235715114515365
12.143410852713178,1.197037284027583
12.147286821705427,0.645944720974194
12.151162790697674,2.4436537579093547
12.155038759689923,0.4654325573152013
12.15891472868217,3.3227958834763105
12.162790697674419,0.12780312228544238
12.166666666666666,0.22390403001577477
12.170542635658915,0.7034210274103797
12.174418604651162,2.9987359936810414
12.178294573643411,3.6777619899001173
12.182170542635658,0.10704678843398999
12.186046511627907,0.13091087779571248
12.189922480620154,0.04893391940237372
12.193798449612403,0.24148441845566576
12.19767441860465,0.752641554948823
12.2015503875969,0.2823092147280814
12.205426356589147,0.5441791709765619
12.209302325581396,2.190473801372145
12.213178294573643,0.7411809491213713
12.217054263565892,1.2033347075391405
12.220930232558139,2.45176608902805
12.224806201550388,0.011340241305478654
12.228682170542635,1.7634171129662444
12.232558139534884,0.4991024765048792
12.236434108527131,1.6535614290461096
12.24031007751938,0.3760475488129842
12.244186046511627,0.4703159664462491
12.248062015503876,0.26890232799834396
12.251937984496124,0.45459577504732157
12.255813953488373,0.05709607500549246
12.25968992248062,0.734621568662469
12.263565891472869,0.22763048174354508
12.267441860465116,1.0282208343015244
12.271317829457365,0.682720602755419
12.275193798449612,1.788878821839344
12.279069767441861,1.2927666037417445
12.282945736434108,1.911443556931288
12.286821705426357,0.27364249750232184
12.290697674418604,1.1003578361003359
12.294573643410853,2.049862302744137
12.2984496124031,1.1257577356817414
12.30232558139535,0.4792924722268451
12.306201550387597,0.9792173118752662
12.310077519379846,0.05735377690406865
12.313953488372093,0.1689100382622684
12.317829457364342,0.04229453015023735
12.321705426356589,1.499027617272981
12.325581395348838,2.088272768262245
12.329457364341085,1.3151388839580083
12.333333333333334,0.7791795016656207
12.337209302325581,0.30591252643579947
12.34108527131783,0.28934124949110257
12.344961240310077,2.0941354782285497
12.348837209302326,0.22682972839190998
12.352713178294573,0.23416896069425042
12.356589147286822,1.361910248184038
12.36046511627907,1.7816710154648736
12.364341085271318,0.4166612197210224
12.368217054263566,0.6361284848062806
12.372093023255815,0.8418723550052094
12.375968992248062,1.7994117248140784
12.37984496124031,1.0400064407567247
12.383720930232558,2.09864754520852
12.387596899224807,2.609074935160768
12.391472868217054,0.7174616231483338
12.395348837209303,0.5755211275416895
12.39922480620155,3.808982034416734
12.4031007751938,7.010257331810912
12.406976744186046,1.550812313358633
12.410852713178295,1.021858802339744
12.414728682170542,0.9883571237278094
12.418604651162791,0.8202219379559129
12.422480620155039,0.4404032757857501
12.426356589147286,5.636611121830217
12.430232558139535,0.5713515925703945
12.434108527131784,8.829136098498648
12.437984496124031,10.741678956852747
12.441860465116278,0.5487236343422139
12.445736434108527,15.824744709406069
12.449612403100776,0.6097830907374556
12.453488372093023,9.113832000305884
12.45736434108527,4.868597035222352
12.46124031007752,4.042969465323951
12.465116279069768,6.714766965479583
12.468992248062015,36.456841525590065
12.472868217054263,0.5343618724596492
12.476744186046512,1.7780750769587803
12.48062015503876,1.4166541557522712
12.484496124031008,11.81092431794305
12.488372093023255,13.384669324309312
12.492248062015504,6.937538730064839
12.496124031007753,15.508646237968785
12.5,7.747141004641952
12.503875968992247,12.38251049328608
12.507751937984496,0.6314009760307916
12.511627906976745,0.9746138535999956
12.515503875968992,5.898514140148416
12.51937984496124,0.5049692347062879
12.523255813953488,6.1644296048155836
12.527131782945737,12.38867736762907
12.531007751937985,7.003769843730321
12.534883720930232,2.3937232303282996
12.53875968992248,3.804599093671211
12.54263565891473,5.608644055901768
12.546511627906977,5.289515147838959
12.550387596899224,25.597803228541498
12.554263565891473,7.933641177021486
12.558139534883722,7.255444949547541
12.562015503875969,5.796686392565497
12.565891472868216,9.666006999682583
12.569767441860465,10.708344865876814
12.573643410852714,1.8423065062489667
12.577519379844961,0.01138024050342126
12.581395348837209,1.073054837259113
12.585271317829458,0.9688364127025224
12.589147286821706,8.610349738747768
12.593023255813954,9.800035389612486
12.5968992248062,5.038309303032868
12.60077519379845,1.0492758084675948
12.604651162790699,6.962526546680027
12.608527131782946,12.170941514398399
12.612403100775193,0.9229002300084282
12.616279069767442,1.3496795691085537
12.62015503875969,9.304107706615206
12.624031007751938,5.075658903551108
12.627906976744185,5.105018043671999
12.631782945736434,5.401471282020685
12.635658914728682,11.597507884930724
12.63953488372093,4.722435425853393
12.643410852713178,5.099448023911808
12.647286821705427,7.350170878373143
12.651162790697674,4.4639167682515275
12.655038759689923,0.20331197196711248
12.65891472868217,4.021786843776045
12.662790697674419,0.10764252863862549
12.666666666666666,1.7883968692158203
12.670542635658915,7.250036423533974
12.674418604651162,4.833424498646737
12.678294573643411,10.285020298609677
12.682170542635658,11.464387757165833
12.686046511627907,0.3056626850401186
12.689922480620154,0.5253664909117888
12.693798449612403,2.0741211139117683
12.69767441860465,0.6331270853142067
12.7015503875969,1.6374774403810903
12.705426356589147,6.123843895937921
12.709302325581396,1.2292691356999654
12.713178294573643,1.8445413514299087
12.717054263565892,4.108312213115174
12.720930232558139,1.2257560285478026
12.724806201550388,0.3685957124399237
12.728682170542635,2.9989601789332023
12.732558139534884,4.424432621421134
12.736434108527131,0.37277840800214296
12.74031007751938,1.8513848308929641
12.744186046511627,1.012976943004544
12.748062015503876,0.10553664082266768
12.751937984496124,1.0539185422952746
12.755813953488373,1.881600856719753
12.75968992248062,3.5859831474584167
12.763565891472869,0.7576455682002574
12.767441860465116,2.6865231421640217
12.771317829457365,2.6062197378585084
12.775193798449612,2.8236495641558905
12.779069767441861,1.0229132616445673
12.782945736434108,0.6115859591532865
12.786821705426357,0.8613623665779693
12.790697674418604,1.2112251446065958
12.794573643410853,0.9357344194746022
12.7984496124031,1.9417527890411557
12.80232558139535,1.650333428814652
12.806201550387597,2.2753670452404555
12.810077519379846,3.508295827850364
12.813953488372093,0.4980715068581219
12.817829457364342,2.7004400753669917
12.821705426356589,2.130603185943111
12.825581395348838,3.650561799468208
12.829457364341085,1.6448042619945404
12.833333333333334,1.539596234095986
12.837209302325581,0.7852418771001005
12.84108527131783,1.2951819359893963
12.844961240310077,3.2053046916504075
12.848837209302326,3.356748363905698
12.852713178294573,1.6630841983470672
12.856589147286822,0.9962576033653865
12.86046511627907,0.017097097012979953
12.864341085271317,0.5259141429373559
12.868217054263566,1.7770016143467486
12.872093023255815,2.0002056051926385
12.875968992248062,0.0751229834263484
12.879844961240309,0.884741760903232
12.883720930232558,1.1038259200105716
12.887596899224807,2.5100178806720073
12.891472868217054,0.36461451923755167
12.895348837209301,2.6699698893769437
12.89922480620155,0.4502130398977215
12.9031007751938,1.3133521428603463
12.906976744186046,0.9364700599970496
12.910852713178294,0.6511097218856015
12.914728682170542,0.573121741751108
12.918604651162791,1.9174644870723585
12.922480620155039,1.8148145008780425
12.926356589147286,1.4843902420660235
12.930232558139535,0.4447468607103609
12.934108527131784,1.1704069425305568
12.937984496124031,0.5326390651647455
12.941860465116278,1.3283207860280162
12.945736434108527,0.03457877492171245
12.949612403100776,1.520497267948775
12.953488372093023,4.332135638715055
12.95736434108527,1.0068132191930796
12.96124031007752,0.0724869316806025
12.965116279069768,0.17393763428621822
12.968992248062015,0.3564120285853615
12.972868217054263,0.2983413484277314
12.976744186046512,1.9372588543127862
12.98062015503876,2.4096491770020325
12.984496124031008,0.21714718565268953
12.988372093023255,0.20689873216427715
12.992248062015504,0.03619654751220666
12.996124031007753,2.304037493642143
13.0,0.30011535677949724
13.003875968992247,1.725246820794938
13.007751937984496,1.3525807799703806
13.011627906976745,1.7553464058384725
13.015503875968992,0.37081546373002133
13.01937984496124,0.3732482154349518
13.023255813953488,0.9233638999490089
13.027131782945737,1.6734680252898508
13.031007751937985,0.14180821226276327
13.034883720930232,3.026253967459993
13.03875968992248,0.4696045793690818
13.04263565891473,0.4759723022130799
13.046511627906977,0.6191885049774283
13.050387596899224,1.4193480928553002
13.054263565891473,1.3383743494890912
13.058139534883722,1.9092950418687558
13.062015503875969,1.9783927558765255
13.065891472868216,0.7491201909667017
13.069767441860465,2.2063526151822446
13.073643410852714,0.5265369307838086
13.077519379844961,3.194003204657494
13.081395348837209,3.1441286857172854
13.085271317829458,1.2634755685284353
13.089147286821706,1.2464628016737835
13.093023255813954,10.111505069484608
13.0968992248062,2.6242731892778046
13.10077519379845,6.13486721869184
13.104651162790699,2.316412865181298
13.108527131782946,0.713849808482122
13.112403100775193,1.4475910170552364
13.116279069767442,2.936101915251264
13.12015503875969,1.3883613458388886
13.124031007751938,0.1065658693477895
13.127906976744185,10.306768928424049
13.131782945736434,13.303139656079038
13.135658914728682,5.614267587345017
13.13953488372093,1.9113538367445269
13.143410852713178,8.135078480224847
13.147286821705427,7.880828339228989
13.151162790697674,8.660778354945304
13.155038759689923,22.868334871632797
13.15891472868217,25.401097519593353
13.162790697674419,13.294515037668532
13.166666666666666,0.675659652934123
13.170542635658915,7.91688547540999
13.174418604651162,19.689123764286713
13.178294573643411,5.204781081990725
13.182170542635658,2.676955236933626
13.186046511627907,9.382967644368733
13.189922480620154,40.37427928915999
13.193798449612403,0.7635829081558247
13.19767441860465,6.801040480269661
13.2015503875969,3.128445801545163
13.205426356589147,4.520640403505727
13.209302325581396,22.740318417242516
13.213178294573643,1.1410072057224703
13.217054263565892,0.7190615799038941
13.220930232558139,19.91911774455789
13.224806201550388,9.318130051435487
13.228682170542635,2.5304134739816404
13.232558139534884,4.390375877551589
13.236434108527131,7.866217969698499
13.24031007751938,0.34188288751632084
13.244186046511627,6.584556121809892
13.248062015503876,1.539217439935597
13.251937984496124,9.503376567826596
13.255813953488373,0.8990180446440253
13.25968992248062,4.214467753958437
13.263565891472869,2.0858489266518774
13.267441860465116,1.9209350244099646
13.271317829457365,20.37798548287592
13.275193798449612,13.841506609360264
13.279069767441861,8.896662597963982
13.282945736434108,12.7149390752383
13.286821705426357,11.046544901635915
13.290697674418604,0.1633110822562942
13.294573643410853,0.5834693969393161
13.2984496124031,0.6838132384180281
13.30232558139535,17.10850155335806
13.306201550387597,1.7115160402609984
13.310077519379846,5.169886117781108
13.313953488372093,18.019740879279706
13.317829457364342,0.4495875048516713
13.321705426356589,3.1895750233671225
13.325581395348838,1.0978088551135152
13.329457364341085,7.327888146284143
13.333333333333334,7.811391856829604
13.337209302325581,5.167402573629051
13.34108527131783,0.915501031789853
13.344961240310077,4.652648114947781
13.348837209302326,0.2344837002897937
13.352713178294573,0.42376543985876963
13.356589147286822,1.0376605500863345
13.36046511627907,0.08151672628073095
13.364341085271317,2.7520507409021984
13.368217054263566,1.2164950002760913
13.372093023255815,8.161962610097127
13.375968992248062,0.012266148187392332
13.379844961240309,2.320415617719438
13.383720930232558,0.5416314874920651
13.387596899224807,0.1646881721561771
13.391472868217054,2.3951607706697686
13.395348837209301,1.807283023388281
13.39922480620155,8.060515926406875
13.4031007751938,4.3969323493084325
13.406976744186046,17.265772955306897
13.410852713178294,3.34983794593899
13.414728682170542,12.677083682780252
13.418604651162791,8.417162099854409
13.422480620155039,4.838701123923571
13.426356589147286,4.105995290451842
13.430232558139535,2.88356539049128
13.434108527131784,1.1434058462470875
13.437984496124031,3.1980918716963194
13.441860465116278,0.08276040386254864
13.445736434108527,1.9894951976950688
13.449612403100776,2.629356492938098
13.453488372093023,6.011756440556802
13.45736434108527,4.948628772298797
13.46124031007752,0.36768386803359604
13.465116279069768,0.15943138592110284
13.468992248062015,1.1790884702679851
13.472868217054263,1.4484411427300834
13.476744186046512,0.4228047996175553
13.48062015503876,2.7497987309402157
13.484496124031008,3.0295225030641406
13.488372093023255,8.770808380906818
13.492248062015504,2.4084751980947106
13.496124031007753,3.0870508383981736
13.5,1.7694571141762987
13.503875968992247,2.2133691253866994
13.507751937984496,0.573332595013169
13.511627906976745,0.6774378711945522
13.515503875968992,0.1342157306132316
13.51937984496124,0.2725520879214309
13.523255813953488,1.0614531694816207
13.527131782945737,0.3031364810853219
13.531007751937985,3.0182961260007324
13.534883720930232,6.875337195895752
13.53875968992248,0.7148708530796584
13.54263565891473,2.5629391452802297
13.546511627906977,0.6317909036462505
13.550387596899224,1.132350145702732
13.554263565891473,0.6588013257122634
13.558139534883722,0.5333658007592325
13.562015503875969,0.18330181022392286
13.565891472868216,5.834106812241414
13.569767441860465,1.709433735759234
13.573643410852714,0.2319613422585735
13.577519379844961,0.14975575731065502
13.581395348837209,1.8449703856632291
13.585271317829458,0.4398841295618787
13.589147286821706,0.48220934059745274
13.593023255813954,5.336879817982148
13.5968992248062,1.6956674698288923
13.60077519379845,1.1081122017512604
13.604651162790697,1.0145422243234468
13.608527131782946,0.8365031128492149
13.612403100775193,0.9052752546112691
13.616279069767442,2.5831314139735
13.62015503875969,4.827196640415571
13.624031007751938,1.4797976509457311
13.627906976744185,2.5831310278356683
13.631782945736434,1.0650376954593492
13.635658914728682,1.0465988794856802
13.63953488372093,0.4245257007346661
13.643410852713178,0.3833279619419823
13.647286821705427,2.435363721230952
13.651162790697674,0.5191441841283232
13.655038759689923,0.521088849898553
13.65891472868217,0.6635675225839087
13.662790697674419,1.791413288039068
13.666666666666666,1.4471238303789458
13.670542635658915,0.5886846993349639
13.674418604651162,0.058616923147122885
13.678294573643411,0.1582243536449334
13.682170542635658,3.2466147867090163
13.686046511627907,1.954282948994181
13.689922480620154,2.091330013273795
13.693798449612403,2.1974328984083584
13.69767441860465,3.0532742409926406
13.7015503875969,1.65832571779481
13.705426356589147,0.6837792971710637
13.709302325581396,2.9622369728287836
13.713178294573643,1.1004801276676786
13.717054263565892,1.05689846014789
13.720930232558139,0.3925076013350511
13.724806201550388,4.346620265148524
13.728682170542635,1.2275259602827018
13.732558139534884,0.524519747606213
13.736434108527131,2.0906828965263053
13.74031007751938,9.404796865238351
13.744186046511627,3.344532175602235
13.748062015503876,0.1963622520705317
13.751937984496124,0.15063583565330235
13.755813953488373,3.860601837485738
13.75968992248062,1.3365628264398897
13.763565891472869,0.42428242077389533
13.767441860465116,2.260757854523166
13.771317829457365,0.5356208082655535
13.775193798449612,4.142405693682672
13.779069767441861,0.10477606366569327
13.782945736434108,0.3998351026906223
13.786821705426357,4.14481070794113
13.790697674418604,1.9256201351643
13.794573643410853,3.047601778580727
13.7984496124031,1.8192915401361531
13.80232558139535,2.117161766285431
13.806201550387597,0.1273291112414245
13.810077519379846,42.58040923621527
13.813953488372093,4.186857094064235
13.817829457364342,5.70378956712212
13.821705426356589,3.713277500168856
13.825581395348838,13.741645221283752
13.829457364341085,3.5332547047959117
13.833333333333334,9.181834278010907
13.837209302325581,0.19976646096603853
13.84108527131783,19.28773319559875
13.844961240310077,3.722749869306689
13.848837209302324,1.0107906540446183
13.852713178294573,11.08571692901911
13.856589147286822,11.62526940142539
13.86046511627907,5.514495262844315
13.864341085271317,5.026969945017985
13.868217054263566,1.8862640576883125
13.872093023255815,13.286141198837948
13.875968992248062,1.5617907525818766
13.879844961240309,14.296406677602937
13.883720930232558,6.613709128608751
13.887596899224807,17.544270609561956
13.891472868217054,18.143120988716912
13.895348837209301,0.6498626141567545
13.89922480620155,8.184595321086888
13.9031007751938,0.45981153906477285
13.906976744186046,6.792071803940569
13.910852713178294,0.5923906278652514
13.914728682170542,5.089906258476417
13.918604651162791,4.930041752826194
13.922480620155039,0.94244046568211
13.926356589147286,14.308581880150369
13.930232558139535,3.5823015785123435
13.934108527131784,3.494442624385372
13.937984496124031,2.9408903026962285
13.941860465116278,0.161749428276863
13.945736434108527,4.418209651458167
13.949612403100776,11.016604042735818
13.953488372093023,0.04664398544711781
13.95736434108527,8.446645024653483
13.96124031007752,6.8612108057568255
13.965116279069768,1.6636090136855437
13.968992248062015,13.399675326799045
13.972868217054263,2.3435057060548585
13.976744186046512,3.134581676922597
13.98062015503876,3.689763879964533
13.984496124031008,2.538509786776965
13.988372093023255,1.4517419798744746
13.992248062015504,2.638567796196761
13.996124031007753,4.46530498404011
14.0,1.52999618092781
14.003875968992247,1.5781913063618336
14.007751937984496,4.169026563725649
14.011627906976745,0.15413169296396934
14.015503875968992,6.17748053025601
14.01937984496124,2.4186492303222824
14.023255813953488,2.2433304152348508
14.027131782945737,2.521484755420151
14.031007751937985,3.533915022992366
14.034883720930232,0.5914002660628855
14.03875968992248,2.281675250477572
14.04263565891473,6.548577612972559
14.046511627906977,0.5864431419103285
14.050387596899224,7.684889695340918
14.054263565891473,3.8149241349373644
14.058139534883722,4.028306279263519
14.062015503875969,12.650118432150853
14.065891472868216,3.8833883984769932
14.069767441860465,3.199133152850313
14.073643410852714,0.6410770197694333
14.077519379844961,5.5720706176013115
14.081395348837209,8.249410591836401
14.085271317829458,2.7220421163308313
14.089147286821706,0.025450503352529522
14.093023255813954,0.6100888999398556
14.0968992248062,3.1113531646817734
14.10077519379845,2.3618099801991344
14.104651162790697,1.780302234073177
14.108527131782946,0.4895711918474226
14.112403100775193,2.4794220837493097
14.116279069767442,5.5148742606213
14.12015503875969,3.2610173837005365
14.124031007751938,2.4927074331383583
14.127906976744185,2.6182142639677948
14.131782945736434,0.9586904177943095
14.135658914728682,4.490267535005034
14.13953488372093,2.8866872279805116
14.143410852713178,2.4939132451385313
14.147286821705427,3.1747159318774507
14.151162790697674,0.30238919454676716
14.155038759689923,0.2775127521834373
14.15891472868217,1.8949254577033903
14.162790697674419,1.3723650208355982
14.166666666666666,5.192752470661787
14.170542635658915,1.5636029536968097
14.174418604651162,0.04643171279637263
14.178294573643411,1.2044421430359384
14.182170542635658,0.7127410640137825
14.186046511627907,5.453392705738697
14.189922480620154,0.43831756701685487
14.193798449612403,0.4334054539221577
14.19767441860465,0.047193706420015274
14.2015503875969,0.3979658358732745
14.205426356589147,0.8706290508849008
14.209302325581396,2.0563564475728926
14.213178294573643,0.1502272662480719
14.217054263565892,6.344680807468945
14.220930232558139,0.15486133853659736
14.224806201550388,3.0209190307918736
14.228682170542635,2.435849838789608
14.232558139534884,3.806781184173173
14.236434108527131,2.794011428846841
14.24031007751938,0.4666569472318006
14.244186046511627,1.6621803276364382
14.248062015503876,1.1833371443425653
14.251937984496124,0.8229959286112527
14.255813953488373,0.10343110926504971
14.25968992248062,0.08081438913534825
14.263565891472869,0.2798759569937977
14.267441860465116,0.30313735272010406
14.271317829457365,2.3697965385790183
14.275193798449612,0.10139006433904892
14.279069767441861,0.11289431915828867
14.282945736434108,0.04640050728822865
14.286821705426357,0.4210715250598547
14.290697674418604,0.18408293372769635
14.294573643410853,0.4327982036795968
14.2984496124031,0.268922694897381
14.30232558139535,0.016179701512376
14.306201550387597,0.8153475760528364
14.310077519379846,0.2340113731375555
14.313953488372093,1.5973735856313895
14.317829457364342,0.06777894697888645
14.321705426356589,1.6617207498962592
14.325581395348838,3.1734731822556923
14.329457364341085,1.0204954265084556
14.333333333333334,0.5111257273090195
14.337209302325581,2.6096406928053955
14.34108527131783,3.221843331603561
14.344961240310077,0.7918739044969911
14.348837209302324,1.7931336557112671
14.352713178294573,1.6218611271058294
14.356589147286822,1.2847899596894614
14.36046511627907,0.24325589649873366
14.364341085271317,1.0371820570102461
14.368217054263566,0.059248245423889394
14.372093023255815,0.04939876390864309
14.375968992248062,3.785316169172856
14.379844961240309,0.20065752069717843
14.383720930232558,0.23170772448519425
14.387596899224807,3.8582262525183713
14.391472868217054,2.1881895230339032
14.395348837209301,1.1740718099835847
14.39922480620155,4.234667282886249
14.4031007751938,1.8423424729146436
14.406976744186046,4.622003307075561
14.410852713178294,0.9339352667373929
14.414728682170542,0.26581042561866364
14.418604651162791,0.06631798705165597
14.422480620155039,6.977677015985944
14.426356589147286,9.488284344603763
14.430232558139535,6.596128697980913
14.434108527131784,5.423219320061268
14.437984496124031,8.499187339701152
14.441860465116278,5.438640777164186
14.445736434108527,25.49062712169185
14.449612403100776,1.994030472342253
14.453488372093023,7.159784623694319
14.45736434108527,1.112399269857132
14.46124031007752,0.4410083917526477
14.465116279069768,7.409667692616764
14.468992248062015,12.690270364313951
14.472868217054263,1.2449346200435154
14.476744186046512,9.643229440852958
14.48062015503876,4.74521849603985
14.484496124031008,18.099106615864713
14.488372093023255,5.7211924565262455
14.492248062015504,6.584035866024098
14.496124031007753,15.187496179675538
14.5,4.144136875876446
14.503875968992247,2.476001411689085
14.507751937984496,23.347626257374156
14.511627906976745,3.577230682186776
14.515503875968992,4.631673172072281
14.51937984496124,4.59618866942829
14.523255813953488,8.916537119920294
14.527131782945737,9.55067918684762
14.531007751937985,0.8186532003363693
14.534883720930232,1.4650132847645179
14.53875968992248,11.89701835597326
14.54263565891473,23.751284355374807
14.546511627906977,3.6840168127986312
14.550387596899224,14.316302601074835
14.554263565891473,0.28674057022654226
14.558139534883722,8.219208182168781
14.562015503875969,0.011957698596111468
14.565891472868216,6.109983043210827
14.569767441860465,1.1487111108632204
14.573643410852714,1.1246292342475093
14.577519379844961,1.1725157060205496
14.581395348837209,0.8983450904877803
14.585271317829458,2.961891583858507
14.589147286821706,16.447977554260433
14.593023255813954,0.38272836991353465
14.5968992248062,18.296544269018803
14.60077519379845,4.245259604190435
14.604651162790699,5.212779119411953
14.608527131782946,5.664483930415864
14.612403100775193,5.042411299059114
14.616279069767442,8.211469026530022
14.620155038759691,4.409985540712723
14.624031007751938,16.05416265374693
14.627906976744185,4.190284957100447
14.631782945736434,1.3061344712562584
14.635658914728683,1.1121752657817392
14.63953488372093,2.2672901038712667
14.643410852713178,3.301538604421017
14.647286821705427,4.155432324349592
14.651162790697676,3.5877739917162432
14.655038759689923,3.2920389651365207
14.65891472868217,1.7321016371618654
14.662790697674419,0.4644005132619448
14.666666666666668,4.462881268737707
14.670542635658915,2.5249935832875194
14.674418604651162,0.22129015629209262
14.678294573643411,0.7692108409233462
14.68217054263566,2.0664598051234466
14.686046511627907,1.7200183729535856
14.689922480620154,2.5784812142989466
14.693798449612403,9.017666247743522
14.697674418604652,1.1509392754045573
14.7015503875969,0.525648560705387
14.705426356589147,3.54131045702514
14.709302325581396,2.4027077548339815
14.713178294573645,6.2055498980011095
14.717054263565892,9.02743957842048
14.720930232558139,0.4249506306848193
14.724806201550386,0.6147462155593054
14.728682170542635,5.619137142018026
14.732558139534884,0.42857472116522183
14.736434108527131,11.979272425298623
14.740310077519378,1.1487237626792688
14.744186046511627,4.03917638700409
14.748062015503876,1.3849982939913745
14.751937984496124,10.830323252725726
14.75581395348837,2.9566438591106503
14.75968992248062,4.334527985562783
14.763565891472869,4.150923828243192
14.767441860465116,1.5698772402555692
14.771317829457363,3.033337561497785
14.775193798449612,2.791686270222697
14.779069767441861,3.362831810264201
14.782945736434108,4.089707457535225
14.786821705426355,0.42061191884255883
14.790697674418604,0.14240832061564587
14.794573643410853,4.049395217059557
14.7984496124031,1.133801826512513
14.802325581395348,2.1296196492859867
14.806201550387597,1.2311640821731826
14.810077519379846,2.413374670455328
14.813953488372093,2.6736191947584302
14.81782945736434,0.48955523108667165
14.821705426356589,4.518476067608794
14.825581395348838,7.0656074315741355
14.829457364341085,4.002601500401007
14.833333333333332,0.3445319956402661
14.837209302325581,4.431701675450845
14.84108527131783,0.2032431909113565
14.844961240310077,0.8690892471188865
14.848837209302324,2.384978851764989
14.852713178294573,0.8680930614487418
14.856589147286822,0.04599229521767561
14.86046511627907,2.4792862767985335
14.864341085271317,1.9630388490713535
14.868217054263566,4.795738636654143
14.872093023255815,1.3647202050418692
14.875968992248062,0.049393095986683976
14.879844961240309,0.2692504098466272
14.883720930232558,2.6902184269062297
14.887596899224807,0.13888379421897853
14.891472868217054,1.9187460883149319
14.895348837209301,0.2796583882713805
14.89922480620155,0.14926234536417182
14.9031007751938,1.666685230369344
14.906976744186046,0.8140006930224202
14.910852713178294,0.28204429386469765
14.914728682170542,0.8855858740038178
14.918604651162791,0.5590811038649867
14.922480620155039,0.7887199858007099
14.926356589147286,0.5761467702154245
14.930232558139535,0.5244216780339241
14.934108527131784,0.3568653285692558
14.937984496124031,0.15703600034418208
14.941860465116278,0.30843435005531467
14.945736434108527,0.40060387008356674
14.949612403100776,0.2632403131340557
14.953488372093023,2.706506623532772
14.95736434108527,0.5905699184799225
14.96124031007752,0.46415260265612746
14.965116279069768,0.2823940831815659
14.968992248062015,0.7227439456074954
14.972868217054263,1.835944783557992
14.976744186046512,0.07239737320121054
14.98062015503876,0.9385262315645974
14.984496124031008,1.467945144602292
14.988372093023255,0.5120070314042415
14.992248062015504,0.5998631128014389
14.996124031007753,7.536346291529978
15.0,2.0598404086991087
15.003875968992247,0.10747931970294465
15.007751937984496,0.1428667004472863
15.011627906976745,0.9078060083749111
15.015503875968992,2.691864626599051
15.01937984496124,0.0527696383362463
15.023255813953488,1.4623868255770038
15.027131782945737,2.157540160694209
15.031007751937985,2.6365293349086047
15.034883720930232,2.043757279881828
15.03875968992248,8.427796142480629
15.04263565891473,0.673354958639366
15.046511627906977,0.05202148435348102
15.050387596899224,0.1110009791473879
15.054263565891473,0.6385805015767791
15.058139534883722,6.010675080841431
15.062015503875969,4.765531558566623
15.065891472868216,0.12949392180815988
15.069767441860465,6.449705365305925
15.073643410852714,0.9118213638872366
15.077519379844961,4.599996635367516
15.081395348837209,4.175014694435716
15.085271317829458,3.8966152833123187
15.089147286821706,5.482960702323285
15.093023255813954,0.6245396568670688
15.0968992248062,0.7962566018045277
15.10077519379845,0.7747136527737574
15.104651162790699,1.2691947029811521
15.108527131782946,18.096772044941677
15.112403100775193,11.270976778781762
15.116279069767442,37.60774349513133
15.120155038759691,0.533120729570068
15.124031007751938,12.30652578361337
15.127906976744185,1.0264204118865319
15.131782945736434,0.43197474265281754
15.135658914728683,7.87246908807734
15.13953488372093,1.6526180624200675
15.143410852713178,2.786282502825984
15.147286821705427,1.3268684359265148
15.151162790697676,5.047011480943805
15.155038759689923,5.4023928551322316
15.15891472868217,5.221797862141538
15.162790697674419,0.798141389490769
15.166666666666668,6.704609305300629
15.170542635658915,4.823859795313035
15.174418604651162,2.159374731806837
15.178294573643411,3.987820012800586
15.18217054263566,1.8708006638190342
15.186046511627907,0.7336422113487888
15.189922480620154,2.9561728879830387
15.193798449612403,1.1274379677296988
15.197674418604652,11.93679214896978
15.2015503875969,14.001861258043451
15.205426356589147,4.229797811018558
15.209302325581396,3.6682314265155367
15.213178294573643,19.203085070333838
15.217054263565892,19.76809207548675
15.220930232558139,4.129938985850486
15.224806201550386,4.4523871043045675
15.228682170542635,17.961853180071046
15.232558139534884,1.8856279561882832
15.236434108527131,12.157149391705147
15.240310077519378,2.4879166042539884
15.244186046511627,7.916909401932812
15.248062015503876,7.310442760449957
15.251937984496124,5.76655630766076
15.25581395348837,0.8879357936110757
15.25968992248062,3.6287513060831667
15.263565891472869,0.4485350094851554
15.267441860465116,3.163490936980809
15.271317829457363,0.6229305431585154
15.275193798449612,3.8798321777211897
15.279069767441861,1.5286910843625638
15.282945736434108,24.83832327983847
15.286821705426355,4.11452640242649
15.290697674418604,21.525708166390327
15.294573643410853,3.4459718159220945
15.2984496124031,3.3637215680523003
15.302325581395348,4.867809778961024
15.306201550387597,6.053078545578645
15.310077519379846,9.236968273216066
15.313953488372093,0.09138871353979053
15.31782945736434,8.254130985960522
15.321705426356589,3.4895310007542064
15.325581395348838,1.3602353430950873
15.329457364341085,1.2876319879283489
15.333333333333332,5.920623111346759
15.337209302325581,3.5735791380143036
15.34108527131783,4.760770332226781
15.344961240310077,1.5341233017281466
15.348837209302324,0.2356592351083791
15.352713178294573,0.7009188482177752
15.356589147286822,1.6550478613025401
15.36046511627907,11.163752829220847
15.364341085271317,0.8536438493216503
15.368217054263566,1.3546880782907387
15.372093023255815,2.978484268778813
15.375968992248062,10.99062292073634
15.379844961240309,9.78749660273935
15.383720930232558,1.9335020676489791
15.387596899224807,3.547795389560019
15.391472868217054,6.440934749028508
15.395348837209301,2.752216609443486
15.39922480620155,3.9847885615032617
15.4031007751938,4.841197985483073
15.406976744186046,3.9486828118099964
15.410852713178294,0.4656385743083775
15.414728682170542,1.881238562424989
15.418604651162791,0.799054611116077
15.422480620155039,2.4143505572967294
15.426356589147286,0.6547865329425611
15.430232558139535,0.0975384537775057
15.434108527131784,1.5536510255145362
15.437984496124031,0.11039829113803032
15.441860465116278,1.409057908531957
15.445736434108527,3.9148357953537976
15.449612403100776,2.154106844448949
15.453488372093023,0.7322929360224355
15.45736434108527,2.5902750128747525
15.46124031007752,2.824909822179919
15.465116279069768,2.6595900609811434
15.468992248062015,2.2862328864165025
15.472868217054263,2.5680130369323297
15.476744186046512,1.3175362678960214
15.48062015503876,0.3819363346348908
15.484496124031008,2.9804825922925895
15.488372093023255,1.630133082188483
15.492248062015504,3.175204129487113
15.496124031007753,0.26013370739467506
15.5,1.869229597624317
15.503875968992247,1.543872957241154
15.507751937984496,0.8757392843106208
15.511627906976745,1.3334204084657582
15.515503875968992,3.1508146875883427
15.51937984496124,0.495093390677396
15.523255813953488,0.8243339791578226
15.527131782945737,0.20614075594207484
15.531007751937985,1.5738540525382405
15.534883720930232,0.3497862164265081
15.53875968992248,2.8437196889163707
15.54263565891473,1.6969143819412027
15.546511627906977,0.6468603432885847
15.550387596899224,2.218576836168712
15.554263565891473,0.6700439046788427
15.558139534883722,2.516983995549098
15.562015503875969,0.15803139132960187
15.565891472868216,0.281603908166416
15.569767441860465,0.42106347030243285
15.573643410852714,2.3595044844478745
15.577519379844961,0.2538135624693326
15.581395348837209,0.6755937870145952
15.585271317829458,1.1483943333409607
15.589147286821706,1.4782730386042597
15.593023255813954,0.3887539138994661
15.5968992248062,0.5885579357490403
15.60077519379845,1.795019236080256
15.604651162790699,0.35690544612314784
15.608527131782946,0.7160525409696064
15.612403100775193,0.4063320125460265
15.616279069767442,1.83905873853757
15.620155038759691,0.09809893269185484
15.624031007751938,0.26415853595211025
15.627906976744185,0.09864935410355594
15.631782945736434,0.48751540856995645
15.635658914728683,0.7846155796677267
15.63953488372093,0.5762780767889742
15.643410852713178,0.4449888639618218
15.647286821705427,3.0090511111885183
15.651162790697676,0.3282215927858563
15.655038759689923,0.7939813964904439
15.65891472868217,0.7745666559656165
15.662790697674419,0.28626620411379144
15.666666666666668,0.3468916609900393
15.670542635658915,3.503165281645157
15.674418604651162,0.019342055341035166
15.678294573643411,3.9788334135774046
15.68217054263566,0.0731024353707087
15.686046511627907,1.040500791304426
15.689922480620154,4.543944776323384
15.693798449612403,7.026872748464859
15.697674418604652,0.17244093878165534
15.7015503875969,0.9539895260849903
15.705426356589147,1.5770718700140254
15.709302325581396,8.224761813698878
15.713178294573643,5.28480068022222
15.717054263565892,0.1812991060425911
15.720930232558139,2.191347223783375
15.724806201550386,5.1654185255488025
15.728682170542635,0.36516282212849643
15.732558139534884,1.194627352579847
15.736434108527131,9.748533140049533
15.740310077519378,9.65550028632617
15.744186046511627,2.3491083938892623
15.748062015503876,3.6312127348467147
15.751937984496124,0.0753104874191876
15.75581395348837,0.6989401343313512
15.75968992248062,0.805244149506688
15.763565891472869,19.102127114021616
15.767441860465116,5.937145922706329
15.771317829457363,7.464378641272882
15.775193798449612,3.1023452332508166
15.779069767441861,8.766865335177915
15.782945736434108,2.8746857813235738
15.786821705426355,19.44852327616786
15.790697674418604,13.950418914550966
15.794573643410853,0.5688669487312114
15.7984496124031,5.618476807470489
15.802325581395348,2.216891593281352
15.806201550387597,0.7092798948076227
15.810077519379846,5.461724191639512
15.813953488372093,24.11233551680603
15.81782945736434,7.625972651912091
15.821705426356589,0.46353183607249343
15.825581395348838,2.3168940315696287
15.829457364341085,1.4985360040197195
15.833333333333332,9.943912668704659
15.837209302325581,1.3683870357984704
15.84108527131783,7.042719806767428
15.844961240310077,8.376293929846893
15.848837209302324,10.80174870468263
15.852713178294573,17.26688536142327
15.856589147286822,8.160484798057311
15.86046511627907,23.7983282527232
15.864341085271317,10.147403341858327
15.868217054263566,5.399117541668185
15.872093023255815,1.3726361079242828
15.875968992248062,5.813206422366369
15.879844961240309,15.155296678020989
15.883720930232558,10.984706470162108
15.887596899224807,1.0024402968852009
15.891472868217054,0.37772326408515816
15.895348837209301,2.2284556877205666
15.89922480620155,3.9953217327075192
15.9031007751938,11.914793123499898
15.906976744186046,2.2861563595639263
15.910852713178294,15.45974244897306
15.914728682170542,8.832971509583881
15.918604651162791,14.387321664679922
15.922480620155039,3.306557899910613
15.926356589147286,0.4256922609587647
15.930232558139535,10.140690350278724
15.934108527131784,2.650393554174936
15.937984496124031,12.780038017908499
15.941860465116278,4.364619984053212
15.945736434108527,8.45258144821344
15.949612403100776,5.967330498042049
15.953488372093023,1.5908440332617884
15.95736434108527,1.6161581283847644
15.96124031007752,15.618004929049428
15.965116279069768,1.4442696029460063
15.968992248062015,0.7392849230768805
15.972868217054263,4.900760434996551
15.976744186046512,7.973828895447151
15.98062015503876,5.020199176552097
15.984496124031008,1.2703789667705572
15.988372093023255,1.7682094920919893
15.992248062015504,1.105430202585909
15.996124031007753,9.791081528564591
16.0,1.7302250047516978
16.003875968992247,10.646085744013192
16.007751937984494,2.828316996447884
16.011627906976745,6.788809887954242
16.015503875968992,1.0205127581188602
16.01937984496124,1.747650630576012
16.02325581395349,8.883871142097014
16.027131782945737,0.994969401930617
16.031007751937985,1.3986328284193577
16.03488372093023,0.6444520657184764
16.03875968992248,2.877478401845238
16.04263565891473,1.65900677000382
16.046511627906977,0.9214915046847605
16.050387596899224,2.417275007865939
16.054263565891475,2.4437326022525685
16.058139534883722,1.553598056998113
16.06201550387597,1.823927638161309
16.065891472868216,7.037065345762435
16.069767441860463,4.004145722988093
16.073643410852714,2.8900378483686
16.07751937984496,0.432859957670512
16.08139534883721,0.43953558142440263
16.08527131782946,1.7802678631304065
16.089147286821706,0.4218526316373457
16.093023255813954,8.289092446620735
16.0968992248062,1.1121292583875693
16.100775193798448,0.6619133489901483
16.1046511627907,1.0976430552223533
16.108527131782946,1.477486727974289
16.112403100775193,0.6003032654772882
16.116279069767444,4.915953649235231
16.12015503875969,0.6918387751549787
16.124031007751938,0.16294099141261909
16.127906976744185,0.6529477438954573
16.131782945736433,0.6110208147041272
16.135658914728683,1.4911452551439515
16.13953488372093,2.8357334185914715
16.143410852713178,0.9607577909021668
16.14728682170543,0.3475594021651339
16.151162790697676,0.4717274559304647
16.155038759689923,0.5203891454112943
16.15891472868217,2.036054082060384
16.162790697674417,2.557515515181824
16.166666666666668,0.8710878258685163
16.170542635658915,1.6028416312479554
16.174418604651162,0.15934439123434146
16.178294573643413,1.5751773023515252
16.18217054263566,0.9546706834680999
16.186046511627907,0.23372825780547501
16.189922480620154,1.9245421839315515
16.1937984496124,1.2653802706176034
16.197674418604652,0.25925379285152256
16.2015503875969,0.6710415463969619
16.205426356589147,1.779067255988267
16.209302325581394,0.33775995917233775
16.213178294573645,0.04734715101725139
16.217054263565892,3.2433729930149098
16.22093023255814,1.7239151281229517
16.224806201550386,4.34310557797236
16.228682170542633,0.2862965282976098
16.232558139534884,0.13350476884258536
16.23643410852713,1.3805942963490216
16.24031007751938,0.35869886303440074
16.24418604651163,0.3914240984892137
16.248062015503876,0.5409084956245717
16.251937984496124,1.0092695509386636
16.25581395348837,0.12638006525004483
16.259689922480618,2.750429967498081
16.26356589147287,0.6964535633375932
16.267441860465116,0.19857615865920664
16.271317829457363,2.787464339018652
16.275193798449614,0.33146205613420443
16.27906976744186,0.25106075086038093
16.282945736434108,0.3566429180532822
16.286821705426355,0.6262464577372693
16.290697674418603,3.327746687332515
16.294573643410853,0.2629550379392729
16.2984496124031,1.2062964758585126
16.302325581395348,0.26346952669425017
16.3062015503876,1.6089969211746833
16.310077519379846,1.3174198959808234
16.313953488372093,0.3869538166950264
16.31782945736434,2.3074327950105062
16.321705426356587,0.3235011851174818
16.325581395348838,2.228855782822565
16.329457364341085,2.1218159969392465
16.333333333333332,0.7899865525544496
16.337209302325583,3.493690723930983
16.34108527131783,1.8953518862179874
16.344961240310077,1.7157243973528928
16.348837209302324,0.28564633854551813
16.35271317829457,2.595209196169623
16.356589147286822,1.669487227730848
16.36046511627907,8.78065437467258
16.364341085271317,2.3989098701359914
16.368217054263567,15.505569204743031
16.372093023255815,4.929173219952658
16.375968992248062,0.8545031849830472
16.37984496124031,5.4213305650605195
16.383720930232556,3.4944936749609616
16.387596899224807,0.05849330287373006
16.391472868217054,0.7447337594633155
16.3953488372093,14.947751552227134
16.399224806201552,6.872981778748947
16.4031007751938,4.792706514025083
16.406976744186046,8.117553646315992
16.410852713178294,10.675419249996137
16.41472868217054,11.952603607518583
16.41860465116279,2.977404119045948
16.42248062015504,3.6166311219555993
16.426356589147286,3.838383245530916
16.430232558139537,1.3849565180932852
16.434108527131784,13.071451743365337
16.43798449612403,1.2007664609935793
16.441860465116278,3.773602609701028
16.445736434108525,1.369929361593619
16.449612403100776,5.618900720406503
16.453488372093023,1.5837446141208467
16.45736434108527,0.20401040665717085
16.46124031007752,9.729821151539747
16.46511627906977,12.615627691585873
16.468992248062015,6.603487062673127
16.472868217054263,3.5072956787716687
16.47674418604651,1.1714450525901405
16.48062015503876,9.853358957535312
16.484496124031008,9.688134468546744
16.488372093023255,10.54453758614267
16.492248062015506,3.37604380698676
16.496124031007753,1.7304356470992288
16.5,2.932382551575591
16.503875968992247,14.958836452644967
16.507751937984494,21.532756007926
16.511627906976745,25.07230250287293
16.515503875968992,7.991465891534514
16.51937984496124,8.388418225553568
16.52325581395349,4.071396026291969
16.527131782945737,4.060042037286284
16.531007751937985,0.20508590642778338
16.53488372093023,20.89405424146168
16.53875968992248,6.295349228558408
16.54263565891473,1.802413205648293
16.546511627906977,3.4122336219210823
16.550387596899224,5.616560773072862
16.554263565891475,3.505735638317486
16.558139534883722,16.290002082017043
16.56201550387597,1.4192395071137929
16.565891472868216,6.199695965973537
16.569767441860463,2.010037636158502
16.573643410852714,2.1637120664601825
16.57751937984496,6.054364158062987
16.58139534883721,0.3813550082519091
16.58527131782946,1.983161661195289
16.589147286821706,5.9924925115737775
16.593023255813954,0.8284851318211223
16.5968992248062,3.862202702741354
16.600775193798448,8.257673074677061
16.6046511627907,4.974496505520798
16.608527131782946,0.23681717092998592
16.612403100775193,4.65585927286853
16.616279069767444,12.573323914688425
16.62015503875969,4.144045204157039
16.624031007751938,7.654243794489252
16.627906976744185,4.599873250111398
16.631782945736433,2.9319802882418955
16.635658914728683,7.520022344462916
16.63953488372093,2.5386202257280415
16.643410852713178,4.634472780522798
16.64728682170543,22.617306300089048
16.651162790697676,8.200741194783864
16.655038759689923,1.6655656302786082
16.65891472868217,1.6984785867467445
16.662790697674417,5.721453503293979
16.666666666666668,1.8172155915107326
16.670542635658915,11.882130068189653
16.674418604651162,1.303362070062444
16.678294573643413,2.270313352603777
16.68217054263566,4.754760599567311
16.686046511627907,5.293230214615746
16.689922480620154,0.06556680229853427
16.6937984496124,1.9840043714481592
16.697674418604652,3.2449650687718794
16.7015503875969,0.8220931653591771
16.705426356589147,3.6518570711331955
16.709302325581394,1.9744681908907873
16.713178294573645,0.16080867992320175
16.717054263565892,1.5908197079745698
16.72093023255814,1.3992805395720533
16.724806201550386,0.7665059417471386
16.728682170542633,1.3851068823316859
16.732558139534884,0.16508892031208905
16.73643410852713,9.24711286084092
16.74031007751938,2.796278584813936
16.74418604651163,2.8445910226641953
16.748062015503876,1.042693683193337
16.751937984496124,0.035457213656472246
16.75581395348837,0.527368946330244
16.759689922480618,0.6599316916707466
16.76356589147287,5.409527845614889
16.767441860465116,0.16468780707395272
16.771317829457363,0.0657610846962024
16.775193798449614,0.9768935208531669
16.77906976744186,0.4110715239689672
16.782945736434108,0.39456145459491826
16.786821705426355,1.5778617050992962
16.790697674418603,0.5075041791520501
16.794573643410853,3.49212823631902
16.7984496124031,0.07120202013789309
16.802325581395348,0.04831324607259493
16.8062015503876,0.19286654200493628
16.810077519379846,0.3180858946857343
16.813953488372093,0.8428777142542632
16.81782945736434,0.9602939503637672
16.821705426356587,0.11869712825340825
16.825581395348838,1.373572690887817
16.829457364341085,0.4559003427711225
16.833333333333332,0.4438119172834454
16.837209302325583,1.0524158111250026
16.84108527131783,0.2593580312532944
16.844961240310077,0.7674919689000111
16.848837209302324,1.430049675252266
16.85271317829457,0.5012737224379583
16.856589147286822,0.8049085879137012
16.86046511627907,0.1678532035597774
16.864341085271317,0.14262380697476895
16.868217054263567,1.06759335801499
16.872093023255815,1.3858365624750875
16.875968992248062,1.591238113204425
16.87984496124031,2.2358252404830856
16.883720930232556,0.38958989505105573
16.887596899224807,1.332095114300827
16.891472868217054,0.45277348982850324
16.8953488372093,1.6091945174430944
16.899224806201552,320.153
16.9031007751938,0.01897763181000811
16.906976744186046,0.7171369943941817
16.910852713178294,0.09559752218874931
16.91472868217054,2.689529781082163
16.91860465116279,0.13537523131963494
16.92248062015504,0.19485063252676849
16.926356589147286,0.5218731625771553
16.930232558139537,0.06078403754354043
16.934108527131784,2.3462558324342098
16.93798449612403,1.1267093167485043
16.941860465116278,1.3887188738930096
16.945736434108525,0.1286156799909103
16.949612403100776,0.3270370587198201
16.953488372093023,1.7059897239485535
16.95736434108527,1.3718526552185306
16.96124031007752,0.7346599991437743
16.96511627906977,2.0757796477382993
16.968992248062015,1.4333524711780627
16.972868217054263,0.3843461892585361
16.97674418604651,0.04434101633554184
16.98062015503876,2.1343504457065743
16.984496124031008,0.9785501563179009
16.988372093023255,0.5254453414020244
16.992248062015506,0.8205398812236352
16.996124031007753,1.067773080441357
17.0,4.602132689835431
17.003875968992247,2.4993418687832345
17.007751937984494,0.43828684269440465
17.011627906976745,6.302030131093607
17.015503875968992,2.3710266146926537
17.01937984496124,1.8660487864867128
17.02325581395349,0.9961951235346171
17.027131782945737,10.459227752766049
17.031007751937985,6.670722286901734
17.03488372093023,8.572486669881064
17.03875968992248,5.659050096858459
17.04263565891473,7.538390977517263
17.046511627906977,9.56250195520191
17.050387596899224,10.465465786930427
17.054263565891475,1.2690746522112393
17.058139534883722,8.88052876514559
17.06201550387597,7.1063408431072705
17.065891472868216,11.644278393671035
17.069767441860463,4.935474496634796
17.073643410852714,9.048696843894621
17.07751937984496,1.1449886490210244
17.08139534883721,1.3670861947520523
17.08527131782946,1.8695406738281364
17.089147286821706,6.573145947942976
17.093023255813954,4.18280570384032
17.0968992248062,1.8037047550499163
17.100775193798448,6.56731917996155
17.1046511627907,1.5326974495276353
17.108527131782946,10.604801049232453
17.112403100775193,7.20445909170954
17.116279069767444,9.324233706146218
17.12015503875969,0.09239537643830854
17.124031007751938,13.709434389329964
17.127906976744185,0.1350992813796615
17.131782945736433,0.4538602341156737
17.135658914728683,13.599689092839085
17.13953488372093,0.036687260730727436
17.143410852713178,12.16244590775637
17.14728682170543,31.299893618408536
17.151162790697676,0.2105839658064525
17.155038759689923,12.107915597372159
17.15891472868217,0.3507545908567462
17.162790697674417,4.86311932410493
17.166666666666668,7.3628909192710035
17.170542635658915,9.012237685776409
17.174418604651162,10.54535514084204
17.178294573643413,3.5619777304427567
17.18217054263566,1.9164923575236972
17.186046511627907,5.952092932846819
17.189922480620154,2.862494766192644
17.1937984496124,9.38947980106326
17.19767441860465,3.5085785964365406
17.2015503875969,3.610877722835052
17.205426356589147,1.0736882816892839
17.209302325581394,3.501808250859105
17.213178294573645,0.9486578680302162
17.217054263565892,2.088657304144987
17.22093023255814,2.7047101857023454
17.224806201550386,5.811323952902923
17.228682170542633,4.943183288689851
17.232558139534884,0.1949428283752706
17.23643410852713,0.8176370631800172
17.24031007751938,0.25973880905698976
17.24418604651163,12.734780646090824
17.248062015503876,0.3700238541906629
17.251937984496124,0.06413531916831408
17.25581395348837,4.4220734011576495
17.259689922480618,1.8440659039834202
17.26356589147287,2.325950356300441
17.267441860465116,1.0923401465677656
17.271317829457363,22.186581537489293
17.275193798449614,0.31432935925822936
17.27906976744186,3.770944687889277
17.282945736434108,1.8616192705895664
17.286821705426355,0.5012017999476875
17.290697674418603,4.837747385432766
17.294573643410853,1.4278070740292927
17.2984496124031,0.7513423881465555
17.302325581395348,6.560981645276517
17.3062015503876,0.8404672016209613
17.310077519379846,8.068425014165609
17.313953488372093,7.859390110364367
17.31782945736434,1.9938889263376256
17.321705426356587,10.108233178849527
17.325581395348838,2.558734699818287
17.329457364341085,1.9866257163273002
17.333333333333332,1.9983075345771633
17.337209302325583,1.6661853999247294
17.34108527131783,1.0119421503523967
17.344961240310077,0.9237671552467694
17.348837209302324,1.7330565915267433
17.35271317829457,1.9543966036823677
17.356589147286822,2.333305177083613
17.36046511627907,0.2669404467365388
17.364341085271317,3.0286992382632056
17.368217054263567,1.7800289784318573
17.372093023255815,0.559713774368392
17.375968992248062,1.3948168493948532
17.37984496124031,7.757672188442431
17.383720930232556,1.3411629519182535
17.387596899224807,0.38573004073917333
17.391472868217054,1.2617384732213912
17.3953488372093,1.3631773020591202
17.399224806201552,0.49005560440959356
17.4031007751938,0.5876960449845825
17.406976744186046,2.9255894012155106
17.410852713178294,1.008918451566639
17.41472868217054,1.6756169980267903
17.41860465116279,1.6928201916892889
17.42248062015504,0.23617349259832868
17.426356589147286,1.7292648612365544
17.430232558139537,1.7031948355346433
17.434108527131784,1.2230463336801656
17.43798449612403,3.940493120160905
17.441860465116278,0.5415895202008342
17.445736434108525,5.062319581350686
17.449612403100776,8.977031729486999
17.453488372093023,1.5317002230402905
17.45736434108527,8.506613707211127
17.46124031007752,1.464036946661831
17.46511627906977,0.7664144644906832
17.468992248062015,1.2792963216366746
17.472868217054263,0.6904658843063655
17.47674418604651,0.11489078451661218
17.48062015503876,0.26427900041699975
17.484496124031008,4.2261465691722995
17.488372093023255,1.8276175428644243
17.492248062015506,0.1677260071444282
17.496124031007753,1.6217684652628872
17.5,0.901896666860653
17.503875968992247,0.06012301301919776
17.507751937984494,0.17465806869131295
17.511627906976745,0.8961726523891766
17.515503875968992,0.25154606802692947
17.51937984496124,1.5467025197643147
17.52325581395349,0.8753939535294026
17.527131782945737,0.37935112369818597
17.531007751937985,0.04831298941816801
17.53488372093023,0.9516714487275898
17.53875968992248,0.5757228167595471
17.54263565891473,0.998464021000433
17.546511627906977,1.9528043509075745
17.550387596899224,0.7559854768269408
17.554263565891475,0.23650205219756812
17.558139534883722,0.7810452874903594
17.56201550387597,2.1265126455643033
17.565891472868216,0.9607790822409068
17.569767441860463,1.34563897256412
17.573643410852714,0.5957904843354722
17.57751937984496,0.18945037798328765
17.58139534883721,1.0884286738892484
17.58527131782946,2.6261250743587343
17.589147286821706,0.7435521190672427
17.593023255813954,1.3717271215719213
17.5968992248062,0.30132020790662284
17.600775193798448,0.36149860846443815
17.6046511627907,0.8702165242134825
17.608527131782946,2.9432894969199213
17.612403100775193,2.082522639328326
17.616279069767444,1.51222224539243
17.62015503875969,0.9062467999760413
17.624031007751938,0.8919024064094913
17.627906976744185,2.001513349226714
17.631782945736433,0.19093754226032197
17.635658914728683,1.2817693628829492
17.63953488372093,0.8566656504348201
17.643410852713178,0.39849745095960787
17.64728682170543,1.5825727744857432
17.651162790697676,3.902910327258618
17.655038759689923,0.3217610226744434
17.65891472868217,0.8200965842976742
17.662790697674417,0.29339406286144804
17.666666666666668,0.18015038699278865
17.670542635658915,8.944133011422135
17.674418604651162,3.0636566963513334
17.678294573643413,0.11546837959197002
17.68217054263566,3.805252713618735
17.686046511627907,1.1351035284729236
17.689922480620154,4.62099310488801
17.6937984496124,2.2412301257235345
17.69767441860465,11.928408984461095
17.7015503875969,5.398845548673314
17.705426356589147,0.7337747068912163
17.709302325581394,0.9466536277201661
17.713178294573645,4.93861512491139
17.717054263565892,1.2857522098469767
17.72093023255814,8.464273454098729
17.724806201550386,5.956102382988717
17.728682170542633,3.8068944423179816
17.732558139534884,0.7552375174360393
17.73643410852713,0.12914699850496345
17.74031007751938,3.1710700757333496
17.74418604651163,2.028439079952212
17.748062015503876,7.473156200631923
17.751937984496124,0.33393397954006904
17.75581395348837,7.062614659452806
17.759689922480618,12.466153658820666
17.76356589147287,3.6168328911123475
17.767441860465116,0.6863981317418771
17.771317829457363,13.08290850959046
17.775193798449614,6.973707553265928
17.77906976744186,3.601561942826083
17.782945736434108,7.493051977586678
17.786821705426355,4.027937024023934
17.790697674418603,4.205350569540942
17.794573643410853,4.2592262858501515
17.7984496124031,3.95746443048431
17.802325581395348,0.9738258665740294
17.8062015503876,14.315854365953951
17.810077519379846,0.5903835905106489
17.813953488372093,8.555516121197655
17.81782945736434,8.106546432554822
17.821705426356587,11.89005006140895
17.825581395348838,12.364742463169044
17.829457364341085,2.274252279900574
17.833333333333332,3.768295092579002
17.837209302325583,8.256358874958552
17.84108527131783,2.4166032050440203
17.844961240310077,4.48840181022279
17.848837209302324,1.9156451975904858
17.85271317829457,2.7672027325371036
17.856589147286822,9.368424753083088
17.86046511627907,3.744954511723224
17.864341085271317,4.379801261026918
17.868217054263567,15.184208688471326
17.872093023255815,5.517572996803798
17.875968992248062,23.371348474434207
17.87984496124031,0.5555988463978874
17.883720930232556,4.873671573760853
17.887596899224807,10.753894843969169
17.891472868217054,5.934005504780979
17.8953488372093,0.9050826204240291
17.899224806201552,6.081301050007104
17.9031007751938,6.987981503542568
17.906976744186046,7.710710835491548
17.910852713178294,4.131926774202244
17.91472868217054,14.144107383563153
17.91860465116279,5.581649255851903
17.92248062015504,5.256309461071976
17.926356589147286,11.823422208447198
17.930232558139537,1.9216433215227546
17.934108527131784,5.410589389545147
17.93798449612403,0.03686109453511963
17.941860465116278,0.3194117812400499
17.945736434108525,0.5234397257527054
17.949612403100776,12.36382499386516
17.953488372093023,1.4365838352878293
17.95736434108527,1.0082498935728088
17.96124031007752,0.8590584243537975
17.96511627906977,5.605001043690984
17.968992248062015,7.62468209012214
17.972868217054263,2.1253699371231987
17.97674418604651,4.630453863644298
17.98062015503876,1.4263095063588145
17.984496124031008,0.31304924337046386
17.988372093023255,2.253185188908706
17.992248062015506,4.019777685307054
17.996124031007753,4.305640552380185
18.0,2.1491948184239655
18.003875968992247,1.0312341512247944
18.007751937984494,1.4194774111193293
18.011627906976745,2.374542201335414
18.015503875968992,2.146141343311993
18.01937984496124,5.177006626555868
18.02325581395349,6.3429095803291125
18.027131782945737,0.11989902869295131
18.031007751937985,0.660834709406616
18.03488372093023,0.8831557313767702
18.03875968992248,4.388201021689041
18.04263565891473,2.0434068228748923
18.046511627906977,1.3417837162424786
18.050387596899224,4.267565274873047
18.054263565891475,5.618358774148225
18.058139534883722,0.6545260755772218
18.06201550387597,0.4870941473883317
18.065891472868216,0.03412049157552488
18.069767441860463,3.662730376554011
18.073643410852714,2.8965846363270167
18.07751937984496,5.279239721178581
18.08139534883721,0.7439674407842016
18.08527131782946,0.13281310445203443
18.089147286821706,0.5719259123992475
18.093023255813954,0.09226283448464556
18.0968992248062,0.6142415701274133
18.100775193798448,0.5149405782639044
18.1046511627907,3.6261181058679077
18.108527131782946,4.665592625928248
18.112403100775193,0.06110290877807973
18.116279069767444,0.546410077193219
18.12015503875969,2.086202522999603
18.124031007751938,0.11211128375423635
18.127906976744185,0.4901071131978512
18.131782945736433,0.8679434026821695
18.135658914728683,0.2425222033298806
18.13953488372093,0.6013199989916282
18.143410852713178,1.424460232529698
18.14728682170543,0.8761969375146657
18.151162790697676,0.41372549870904207
18.155038759689923,1.8074230898555108
18.15891472868217,0.5777031690530593
18.162790697674417,0.5067574520759243
18.166666666666668,0.7659103431345781
18.170542635658915,1.6711474209627897
18.174418604651162,0.6794971603802533
18.178294573643413,0.3685833597594187
18.18217054263566,0.39764102437573406
18.186046511627907,0.3085167245048867
18.189922480620154,0.6165180769412674
18.1937984496124,0.11926972394930532
18.19767441860465,1.8385983894861158
18.2015503875969,2.756225758761234
18.205426356589147,0.0001236549839268582
18.209302325581394,0.5690872775512108
18.213178294573645,0.10122588219284069
18.217054263565892,0.04408476651481938
18.22093023255814,0.17457525544428257
18.224806201550386,0.988249415511194
18.228682170542633,2.6063374004234725
18.232558139534884,0.47769293500169374
18.23643410852713,0.07200589516706939
18.24031007751938,0.5670521510296986
18.24418604651163,1.8563466816033132
18.248062015503876,0.35012185270051294
18.251937984496124,0.2421715178576622
18.25581395348837,0.42427400344516497
18.259689922480618,0.14463331385549905
18.26356589147287,0.5958781313595439
18.267441860465116,0.8646425497299476
18.271317829457363,2.6072164307923624
18.275193798449614,0.3611908621723032
18.27906976744186,0.5796778180500969
18.282945736434108,2.124728778429993
18.286821705426355,3.3284705888751094
18.290697674418603,4.071640233706172
18.294573643410853,0.2225295008394871
18.2984496124031,4.715732546698506
18.302325581395348,1.0252931148047622
18.3062015503876,0.11839793083067902
18.310077519379846,0.4535180911602089
18.313953488372093,0.8066180928737373
18.31782945736434,3.8138718021623434
18.321705426356587,0.41918735431762544
18.325581395348838,0.2202733218787409
18.329457364341085,1.2626066199037023
18.333333333333332,10.416428573141777
18.337209302325583,1.061282827950016
18.34108527131783,4.8980353458498795
18.344961240310077,4.387330484648255
18.348837209302324,5.254408850740916
18.35271317829457,10.249563116458267
18.356589147286822,5.725668732686808
18.36046511627907,1.6591669954908097
18.364341085271317,6.2093386880172075
18.368217054263567,1.6871925922142088
18.372093023255815,5.856792331222962
18.375968992248062,0.2332775506643207
18.37984496124031,6.4419845503479065
18.383720930232556,1.9480923481471066
18.387596899224807,13.783040500829577
18.391472868217054,7.683029281731112
18.3953488372093,1.0096371551790888
18.399224806201552,2.953764631191439
18.4031007751938,3.6321858284439723
18.406976744186046,9.132651045510734
18.410852713178294,0.6029045384800361
18.41472868217054,3.198763093733411
18.41860465116279,4.835027395456388
18.42248062015504,0.5270321059963572
18.426356589147286,36.77802999965627
18.430232558139537,3.6533066389705753
18.434108527131784,1.019896460681777
18.43798449612403,8.45413184440636
18.441860465116278,4.4324678890343705
18.445736434108525,1.0684060856269693
18.449612403100776,7.154766235560184
18.453488372093023,5.746611638192889
18.45736434108527,28.4950247557177
18.46124031007752,0.2212088412518108
18.46511627906977,13.799762931646296
18.468992248062015,1.9840783166899039
18.472868217054263,6.420349189243595
18.47674418604651,0.03026249045800643
18.48062015503876,4.04508200829572
18.484496124031008,1.0451512577029007
18.488372093023255,6.580556550128376
18.492248062015506,0.32391702732925537
18.496124031007753,0.5059138308619803
18.5,6.923936487199563
18.503875968992247,0.5904370192402377
18.507751937984494,3.857882584696251
18.51162790697674,5.322881979333501
18.515503875968992,10.00522486879475
18.51937984496124,4.815516605003905
18.52325581395349,2.067047054300228
18.527131782945737,8.86338009826949
18.531007751937985,0.4057700917928642
18.53488372093023,11.62189590754493
18.53875968992248,7.559911816500664
18.542635658914726,0.6044563803714871
18.546511627906977,5.731692233903989
18.550387596899224,0.7305440204188108
18.554263565891475,3.423196391028579
18.558139534883722,0.8377356424614569
18.56201550387597,6.075409511438732
18.565891472868216,0.8106571135375326
18.569767441860463,0.8064096018235238
18.57364341085271,0.8230101780649666
18.57751937984496,5.354257981439615
18.58139534883721,1.938994858227959
18.58527131782946,0.6260136629269137
18.589147286821706,1.069949281057136
18.593023255813954,2.5245907371236607
18.5968992248062,2.324997946453023
18.600775193798448,8.325751281718198
18.604651162790695,0.5079559768187343
18.608527131782946,3.7078035834498553
18.612403100775193,5.891168603044157
18.616279069767444,14.770402402327852
18.62015503875969,0.5483418000656711
18.624031007751938,10.304746907398059
18.627906976744185,0.27148158078883533
18.631782945736433,6.399197557756816
18.63565891472868,0.6195813297010463
18.63953488372093,2.9500340755542287
18.643410852713178,7.616706103947442
18.64728682170543,0.6450878536226544
18.651162790697676,0.11338250930332038
18.655038759689923,3.0872586505421986
18.65891472868217,0.25739390503368487
18.662790697674417,1.5549155931929322
18.666666666666664,0.6326146242099776
18.670542635658915,7.39115638103123
18.674418604651162,2.538012854216564
18.678294573643413,1.82858942949295
18.68217054263566,0.4641715470428893
18.686046511627907,0.4500705167756939
18.689922480620154,4.932286784602067
18.6937984496124,3.493508403765994
18.69767441860465,3.6117123788291927
18.7015503875969,0.04790061941294617
18.705426356589147,1.205290912402531
18.709302325581397,0.4262302586470351
18.713178294573645,0.5220569736269682
18.717054263565892,3.094129448707299
18.72093023255814,4.832297855923856
18.724806201550386,1.8223215324820317
18.728682170542633,0.05433637882395712
18.732558139534884,2.234850586791389
18.73643410852713,1.6079933617046298
18.740310077519382,7.326414035935188
18.74418604651163,1.3271504847862285
18.748062015503876,8.315391011988291
18.751937984496124,1.7991835350580752
18.75581395348837,1.4115454287792442
18.759689922480618,0.8316763183029234
18.76356589147287,0.6686819548956842
18.767441860465116,0.755961815596853
18.771317829457367,0.17402600727847006
18.775193798449614,3.8595776314182504
18.77906976744186,2.347936689335616
18.782945736434108,1.806695633698042
18.786821705426355,2.0275584074349857
18.790697674418603,0.7839443916669527
18.794573643410853,3.6866897734176396
18.7984496124031,0.8241052020858016
18.80232558139535,1.606133946545357
18.8062015503876,0.40168637060406076
18.810077519379846,1.14191782372775
18.813953488372093,1.5240276080935065
18.81782945736434,2.0568643566608387
18.821705426356587,0.3131232497592117
18.825581395348838,5.586428408862276
18.829457364341085,2.2457262005556724
18.833333333333336,2.381537552402071
18.837209302325583,3.6503125564852077
18.84108527131783,0.5925121162596517
18.844961240310077,2.2217674126019578
18.848837209302324,0.17333909645599133
18.85271317829457,2.115283264114908
18.856589147286822,0.30538659281436265
18.86046511627907,0.9604165100022546
18.86434108527132,1.2162578737581673
18.868217054263567,1.8717413363072541
18.872093023255815,0.8799767501132467
18.875968992248062,0.09267137312434219
18.87984496124031,1.4071400612006566
18.883720930232556,0.9301293839692745
18.887596899224807,0.40845969514332253
18.891472868217054,1.1847107140272133
18.895348837209305,0.09314836960643823
18.899224806201552,0.6123927887757487
18.9031007751938,0.3814038789039949
18.906976744186046,0.0625402217261859
18.910852713178294,0.26837199513455495
18.91472868217054,0.9938615110680568
18.91860465116279,2.2924744667401247
18.92248062015504,0.18812547436891827
18.92635658914729,3.555913390171384
18.930232558139537,1.4860349343786616
18.934108527131784,0.6278566040622253
18.93798449612403,0.2311071487415665
18.941860465116278,2.072813515935106
18.945736434108525,0.38793753104626644
18.949612403100772,0.9435999282863047
18.953488372093023,1.4805275900123265
18.95736434108527,2.9246102716644393
18.96124031007752,0.49339701368080696
18.96511627906977,0.7643489976242481
18.968992248062015,7.194329323896897
18.972868217054263,1.6783276638678013
18.97674418604651,0.2831894357932619
18.980620155038757,1.5958896081685734
18.984496124031008,1.6982057378575308
18.988372093023255,0.7881345727651425
18.992248062015506,0.853982254880822
18.996124031007753,1.257325089299628
19.0,1.95522388964168
19.003875968992247,4.221036695530996
19.007751937984494,6.20079017702965
19.01162790697674,4.757484146231512
19.015503875968992,2.349367523970842
19.01937984496124,8.73509009148998
19.02325581395349,9.334470138683624
19.027131782945737,12.815863974310483
19.031007751937985,7.015153762557339
19.03488372093023,12.933379300361596
19.03875968992248,0.6185590784912344
19.042635658914726,13.206294834787894
19.046511627906977,7.670170624561747
19.050387596899224,7.871485783532104
19.054263565891475,8.071301113160612
19.058139534883722,2.199648331172899
19.06201550387597,4.292575598582055
19.065891472868216,11.259749813897223
19.069767441860463,12.444053588968393
19.07364341085271,0.6193074830499216
19.07751937984496,16.207179433755766
19.08139534883721,1.3542983718515302
19.08527131782946,10.745855611972804
19.089147286821706,1.8245950629440542
19.093023255813954,0.6852989613446457
19.0968992248062,6.308240345047452
19.100775193798448,20.689076267425126
19.104651162790695,3.1574455844150555
19.108527131782946,10.361566302604421
19.112403100775193,3.697199614605784
19.116279069767444,0.6837312554457579
19.12015503875969,11.682519516741978
19.124031007751938,22.07810156919467
19.127906976744185,0.3133446139274176
19.131782945736433,7.675932759527968
19.13565891472868,5.0461741692847895
19.13953488372093,30.580457263961346
19.143410852713178,14.96386825758967
19.14728682170543,2.110131948143438
19.151162790697676,26.677123374263445
19.155038759689923,0.6073581801207832
19.15891472868217,0.12978500498037598
19.162790697674417,0.8809546085555617
19.166666666666664,4.191940128842308
19.170542635658915,0.711263877529085
19.174418604651162,0.2754078967198637
19.178294573643413,6.041009603718553
19.18217054263566,0.6804437307347839
19.186046511627907,4.722992560830526
19.189922480620154,0.27290144023101076
19.1937984496124,3.3773263809011715
19.19767441860465,1.9885385226939636
19.2015503875969,3.770550508259033
19.205426356589147,1.8947663860970783
19.209302325581397,0.012846254121710013
19.213178294573645,0.5498848166256718
19.217054263565892,7.709821242509529
19.22093023255814,1.9562692629461704
19.224806201550386,0.8373915384760282
19.228682170542633,2.8141402957628916
19.232558139534884,4.746124822524276
19.23643410852713,11.521131326855842
19.240310077519382,0.7575060897150022
19.24418604651163,2.350767209964672
19.248062015503876,5.441441213208021
19.251937984496124,2.196609745247409
19.25581395348837,8.011088032878458
19.259689922480618,7.530864775291445
19.26356589147287,0.8271206822075388
19.267441860465116,2.5298574422123985
19.271317829457367,2.9532306761839835
19.275193798449614,2.217499268001219
19.27906976744186,0.9211851678626474
19.282945736434108,2.1532357387289616
19.286821705426355,0.23735524196712468
19.290697674418603,18.696761158274203
19.294573643410853,0.17891421483647088
19.2984496124031,0.4760468740434952
19.30232558139535,10.166564849346539
19.3062015503876,2.6914559716306203
19.310077519379846,2.746453449453713
19.313953488372093,0.7561897102783123
19.31782945736434,0.208664701748777
19.321705426356587,2.7330383080680334
19.325581395348838,0.2521003493547944
19.329457364341085,0.9372970576441583
19.333333333333336,3.73029012398255
19.337209302325583,1.46532441264435
19.34108527131783,0.29075247535833515
19.344961240310077,7.940511291852811
19.348837209302324,2.170178750263005
19.35271317829457,0.13618487767405324
19.356589147286822,3.700396419650728
19.36046511627907,1.2949950991727792
19.36434108527132,3.7550559440535203
19.368217054263567,4.083733739983265
19.372093023255815,1.6690099069767286
19.375968992248062,1.6000177317951914
19.37984496124031,0.8063818828107994
19.383720930232556,4.328425958644828
19.387596899224807,2.872718515154427
19.391472868217054,0.5370456399419703
19.395348837209305,2.067560448567192
19.399224806201552,2.5037910157491265
19.4031007751938,2.247785055349885
19.406976744186046,1.6563333042964246
19.410852713178294,2.327851332713943
19.41472868217054,1.9736383535690107
19.41860465116279,1.4042394539515644
19.42248062015504,2.7214496211610975
19.42635658914729,0.21700180181608145
19.430232558139537,0.3872383944406634
19.434108527131784,2.139605749233624
19.43798449612403,0.6740393771861876
19.441860465116278,0.44971058831907224
19.445736434108525,3.753362458889679
19.449612403100772,0.19368863101120504
19.453488372093023,0.07142008909976151
19.45736434108527,3.1632593240990663
19.46124031007752,0.3117128675008642
19.46511627906977,0.6208726997179504
19.468992248062015,0.26435025324499933
19.472868217054263,0.572648699133994
19.47674418604651,0.41660087332377665
19.480620155038757,0.37584298769047497
19.484496124031008,0.17615791277089152
19.488372093023255,0.4406342718008917
19.492248062015506,1.9294986225461324
19.496124031007753,0.03756278019341497
19.5,0.07129599004933894
19.503875968992247,0.84590478828833
19.507751937984494,1.1430869547624316
19.51162790697674,1.9300742762150112
19.515503875968992,1.3902393689624166
19.51937984496124,3.135782947466667
19.52325581395349,0.7637659375391079
19.527131782945737,0.25305952897448053
19.531007751937985,1.8416785456307878
19.53488372093023,0.36191095585911537
19.53875968992248,4.681291747084843
19.542635658914726,0.8933057541195976
19.546511627906977,2.366737386355942
19.550387596899224,0.1267728253580042
19.554263565891475,0.8355707398532282
19.558139534883722,1.2122059436798398
19.56201550387597,0.23310464634296904
19.565891472868216,0.715387116997904
19.569767441860463,0.9616218090912307
19.57364341085271,0.4927392179657459
19.57751937984496,1.6859825211553932
19.58139534883721,0.08174588602597041
19.58527131782946,3.3950515150025837
19.589147286821706,1.5628195007243917
19.593023255813954,0.08545290254484492
19.5968992248062,2.3935394312495917
19.600775193798448,0.6304999926934812
19.604651162790695,0.23186407911069312
19.608527131782946,0.3877394114477361
19.612403100775193,1.8665131920005384
19.616279069767444,2.9830178978323993
19.62015503875969,0.19352066435618875
19.624031007751938,0.5316970633424496
19.627906976744185,3.343772730758245
19.631782945736433,2.138625953577863
19.63565891472868,2.818795052410603
19.63953488372093,1.335837072504652
19.643410852713178,1.8109748475731542
19.64728682170543,0.5216298264047786
19.651162790697676,5.335687685936579
19.655038759689923,1.3890424454972987
19.65891472868217,11.970582061928715
19.662790697674417,0.024841826591564985
19.666666666666664,6.088317429778213
19.670542635658915,1.1899002587585776
19.674418604651162,2.2425326053238215
19.678294573643413,0.2769382720109647
19.68217054263566,2.276112437647638
19.686046511627907,6.155206006716981
19.689922480620154,15.57454791521534
19.6937984496124,19.265448968956314
19.69767441860465,3.612405875580766
19.7015503875969,1.440530104385734
19.705426356589147,12.358533697536974
19.709302325581397,0.009332363001281856
19.713178294573645,4.947486110975831
19.717054263565892,0.8001970978273909
19.72093023255814,2.828701522916908
19.724806201550386,12.661101677290974
19.728682170542633,1.0551969366143217
19.732558139534884,0.536454074273248
19.73643410852713,12.099430636221888
19.740310077519382,14.012537856782279
19.74418604651163,12.781055992978178
19.748062015503876,0.022279565159096196
19.751937984496124,3.4020944848785546
19.75581395348837,3.620548187353807
19.759689922480618,0.17117299417397122
19.76356589147287,2.151235226909469
19.767441860465116,5.665316212446691
19.771317829457367,14.183601601315406
19.775193798449614,12.673622502731105
19.77906976744186,3.244661985190866
19.782945736434108,0.39295098711223503
19.786821705426355,3.6187418997256717
19.790697674418603,17.064477960006094
19.794573643410853,2.8783840738189714
19.7984496124031,1.9953138032492233
19.80232558139535,18.614520767830427
19.8062015503876,14.976569831179724
19.810077519379846,5.138827043388577
19.813953488372093,14.04437981356868
19.81782945736434,19.196987959259342
19.821705426356587,2.040327898812158
19.825581395348838,0.07585563738865148
19.829457364341085,16.307814936309967
19.833333333333336,11.170698764083658
19.837209302325583,4.996412185626625
19.84108527131783,16.707989231928405
19.844961240310077,3.812649263803088
19.848837209302324,9.760492804435328
19.85271317829457,3.871442978263432
19.856589147286822,6.059041427871897
19.86046511627907,4.876858004853188
19.86434108527132,4.0661077810226605
19.868217054263567,0.4175584660131482
19.872093023255815,2.134254176268845
19.875968992248062,7.988030368452986
19.87984496124031,16.659466964615802
19.883720930232556,0.9538265929245031
19.887596899224807,7.659730710538468
19.891472868217054,8.717118300212995
19.895348837209305,3.239687392341303
19.899224806201552,1.872877272405486
19.9031007751938,2.259177871574788
19.906976744186046,6.709910153677989
19.910852713178294,2.7869570317243215
19.91472868217054,8.97838308764231
19.91860465116279,4.905618881598016
19.92248062015504,2.922483898460658
19.926356589147286,3.032730506365742
19.930232558139537,6.647697022330265
19.934108527131784,0.7466456168063595
19.93798449612403,2.222158149829225
19.941860465116278,3.4860765744714444
19.945736434108525,7.495481117939433
19.949612403100772,1.3408989648030714
19.953488372093023,6.299642341337079
19.95736434108527,2.9598659758625163
19.96124031007752,0.5990782310036077
19.96511627906977,0.03710003443593404
19.968992248062015,6.352950914713581
19.972868217054263,1.8155312232651315
19.97674418604651,0.06336553291488535
19.980620155038757,4.385714362173542
19.984496124031008,0.11754221185349466
19.988372093023255,4.179461749936386
19.992248062015506,0.3473570739377098
19.996124031007753,1.4292916239063862
20.0,1.1839970228715542
20.003875968992247,1.9905897151038454
20.007751937984494,3.9719830490787906
20.01162790697674,3.0567310907661036
20.015503875968992,0.6080314525789188
20.01937984496124,0.6794855289298883
20.02325581395349,3.6688499716873824
20.027131782945737,0.6968517323707752
20.031007751937985,2.558951764660991
20.03488372093023,1.8210397263908225
20.03875968992248,0.5818431026877126
20.042635658914726,0.12193339620146415
20.046511627906977,0.7319195315293111
20.050387596899224,0.9861747551069715
20.054263565891475,2.904778469331897
20.058139534883722,0.09726899370126656
20.06201550387597,0.8757726907667988
20.065891472868216,2.400847280833375
20.069767441860463,0.9473633332909556
20.07364341085271,2.012364107468554
20.07751937984496,1.4547938568099221
20.08139534883721,0.5391006481252001
20.08527131782946,0.40986991905000736
20.089147286821706,0.7611237303151142
20.093023255813954,0.550811050201948
20.0968992248062,0.5610284525801447
20.100775193798448,0.15976758259879642
20.104651162790695,3.9859202315537194
20.108527131782946,2.2019447303015083
20.112403100775193,0.520789026575134
20.116279069767444,2.931285122530006
20.12015503875969,1.2110306345852127
20.124031007751938,0.5787909447289638
20.127906976744185,1.854607682218752
20.131782945736433,2.1948453103757437
20.13565891472868,0.917176942263097
20.13953488372093,1.8614925535046176
20.143410852713178,3.485255938494241
20.14728682170543,0.7704648554197011
20.151162790697676,1.4910747519675047
20.155038759689923,0.27099813993197874
20.15891472868217,1.0099373166083607
20.162790697674417,0.4422263275246521
20.166666666666664,0.8616318765631046
20.170542635658915,0.8032475048998029
20.174418604651162,1.3517306521631596
20.178294573643413,0.8963426102965787
20.18217054263566,0.20764199403624264
20.186046511627907,0.24609792568843455
20.189922480620154,1.3453558056628214
20.1937984496124,1.428314090159256
20.19767441860465,2.5486239846384775
20.2015503875969,0.6945416190598518
20.205426356589147,0.43963464976211386
20.209302325581397,0.5467029878220284
20.213178294573645,0.7587907853483151
20.217054263565892,0.24784417100278602
20.22093023255814,0.3136562806482224
20.224806201550386,0.17259920116982386
20.228682170542633,0.8068209384590832
20.232558139534884,0.03538820824950349
20.23643410852713,0.6335049068925641
20.240310077519382,0.1184022062986048
20.24418604651163,0.14769210959845572
20.248062015503876,1.497966943256786
20.251937984496124,0.40252129331409925
20.25581395348837,0.8826736989739284
20.259689922480618,0.09232638509664287
20.26356589147287,0.5437956142391736
20.267441860465116,1.741277498985815
20.271317829457367,0.1321298920803766
20.275193798449614,0.016541120002295063
20.27906976744186,1.1198771125559743
20.282945736434108,0.4261218748334693
20.286821705426355,3.2323103901193386
20.290697674418603,4.94707637200562
20.294573643410853,0.5888569597429136
20.2984496124031,1.3239545101101238
20.30232558139535,0.6568605030791055
20.3062015503876,0.019852646048313535
20.310077519379846,1.6393632279584462
20.313953488372093,3.5343487673780993
20.31782945736434,0.00929935147328927
20.321705426356587,2.9014513357713705
20.325581395348838,0.8412270381640051
20.329457364341085,2.1431569554991516
20.333333333333336,1.0629063489892663
20.337209302325583,4.395870570664647
20.34108527131783,7.7474830427470325
20.344961240310077,4.683971800950749
20.348837209302324,3.0369924725591604
20.35271317829457,0.8339924167983885
20.356589147286822,2.3651367067226623
20.36046511627907,8.404483597565484
20.36434108527132,0.3783307150536504
20.368217054263567,2.236844751760924
20.372093023255815,0.7416529369078911
20.375968992248062,4.375350317954641
20.37984496124031,0.2471178706583901
20.383720930232556,3.1982521462919244
20.387596899224807,3.4687582150206127
20.391472868217054,6.736057390700158
20.395348837209305,3.335489787314878
20.399224806201552,0.28114345882279707
20.4031007751938,30.094868106156095
20.406976744186046,11.019643204792354
20.410852713178294,4.325810111375365
20.41472868217054,1.9041824382595856
20.41860465116279,2.830550922837546
20.42248062015504,12.612396183329851
20.426356589147286,6.378581919829633
20.430232558139537,0.13549927343122134
20.434108527131784,3.358415032732478
20.43798449612403,14.334966079730922
20.441860465116278,23.621484911271008
20.445736434108525,2.310931840208968
20.449612403100772,39.50681146452909
20.453488372093023,11.842566548237338
20.45736434108527,2.1522486373963257
20.46124031007752,3.642180580973266
20.46511627906977,10.531577118055425
20.468992248062015,3.177766715516477
20.472868217054263,5.229608052512494
20.47674418604651,5.842433502167808
20.480620155038757,4.060212576215864
20.484496124031008,9.567826428301318
20.488372093023255,1.4005808252119993
20.492248062015506,13.892951315862152
20.496124031007753,10.140397371363473
20.5,24.601148269320152
20.503875968992247,2.34669010032621
20.507751937984494,1.5934832900696043
20.51162790697674,9.009695987359793
20.515503875968992,3.669968969452185
20.51937984496124,7.569155360305555
20.52325581395349,2.349280734170482
20.527131782945737,0.6892532350738116
20.531007751937985,1.8797426460485032
20.53488372093023,15.861610828673403
20.53875968992248,12.949630979994092
20.542635658914726,0.7681879535177228
20.546511627906977,2.881893657099616
20.550387596899224,5.510805137379892
20.554263565891475,3.8108051767595605
20.558139534883722,10.53901475128817
20.56201550387597,16.267858757037388
20.565891472868216,0.35375722691003886
20.569767441860463,8.928314650129176
20.57364341085271,0.27307141412278485
20.57751937984496,6.097885001896074
20.58139534883721,15.422641247077133
20.58527131782946,3.661931910493725
20.589147286821706,0.9883488161402652
20.593023255813954,11.822938559888367
20.5968992248062,2.2303716022677524
20.600775193798448,1.3509159315146855
20.604651162790695,1.1538116048391036
20.608527131782946,1.0028579183342703
20.612403100775193,0.5572148586457584
20.616279069767444,1.3896582834801683
20.62015503875969,1.391281936989492
20.624031007751938,4.327984125409635
20.627906976744185,2.0836933506361413
20.631782945736433,8.703643752982341
20.63565891472868,3.9976345907969217
20.63953488372093,3.635301284403424
20.643410852713178,0.47043969339386144
20.64728682170543,14.748286608617748
20.651162790697676,1.6819724321025564
20.655038759689923,1.1234061244980564
20.65891472868217,1.3896952253729626
20.662790697674417,8.750283537072718
20.666666666666664,4.307937840122713
20.670542635658915,7.351053727021071
20.674418604651162,4.382572350729085
20.678294573643413,3.834106793092613
20.68217054263566,1.2457122562057266
20.686046511627907,9.752453419107635
20.689922480620154,0.9877096577990399
20.6937984496124,0.9460940645753658
20.69767441860465,3.1491726879766406
20.7015503875969,5.237637703537819
20.705426356589147,3.2869327366561865
20.709302325581397,0.5760337348857512
20.713178294573645,4.194340955738726
20.717054263565892,2.596446507879463
20.72093023255814,0.4091787894806516
20.724806201550386,5.9759227083194215
20.728682170542633,0.2918580990261381
20.732558139534884,1.1397665910699037
20.73643410852713,1.348119425180028
20.740310077519382,1.9029164765223436
20.74418604651163,5.136841018166315
20.748062015503876,1.7285900261509322
20.751937984496124,1.7147207563627227
20.75581395348837,1.1304236015674989
20.759689922480618,0.6369785548029444
20.76356589147287,0.17253192933368974
20.767441860465116,0.12130149214835168
20.771317829457367,2.8376911605651154
20.775193798449614,1.5801466910080397
20.77906976744186,3.1231287349926276
20.782945736434108,0.6941778943906565
20.786821705426355,4.315440006493793
20.790697674418603,2.327307279524383
20.794573643410853,4.538407567423987
20.7984496124031,0.07471327254051002
20.80232558139535,0.703221993519837
20.8062015503876,1.0458841138759805
20.810077519379846,0.4864316072445727
20.813953488372093,0.5199842748233234
20.81782945736434,0.9961257312024243
20.821705426356587,0.5448694132574722
20.825581395348838,1.216020382530681
20.829457364341085,1.4530069530824326
20.833333333333336,6.364981057227913
20.837209302325583,0.5475540472513036
20.84108527131783,3.508558556569953
20.844961240310077,0.22289211404251788
20.848837209302324,0.07186866575272985
20.85271317829457,0.33620722986519685
20.856589147286822,0.6194179632338598
20.86046511627907,0.04314128627019353
20.86434108527132,0.2678691036579397
20.868217054263567,1.2163597411336868
20.872093023255815,0.3811578167708395
20.875968992248062,0.587360352371019
20.87984496124031,0.5992817368440201
20.883720930232556,1.7094357972644738
20.887596899224807,0.7342838234418048
20.891472868217054,0.9328184489854785
20.895348837209305,0.3143674713568356
20.899224806201552,0.9293756644373202
20.9031007751938,0.15821821646286452
20.906976744186046,0.66919781668376
20.910852713178294,0.16028733380169605
20.91472868217054,1.9625849112172575
20.91860465116279,0.4552488040377639
20.92248062015504,1.7439218474030587
20.926356589147286,1.041726590650992
20.930232558139537,0.22675134784995288
20.934108527131784,0.4888580365010195
20.93798449612403,0.10257335251410779
20.941860465116278,1.2728925316989028
20.945736434108525,0.5957860295942884
20.949612403100772,0.9818001122521959
20.953488372093023,0.08996487051650004
20.95736434108527,0.43807221594973417
20.96124031007752,2.492179752773751
20.96511627906977,0.30406738364680513
20.968992248062015,0.9233015758223796
20.972868217054263,0.12700087822033468
20.97674418604651,5.344223222828834
20.980620155038757,0.40613655114489644
20.984496124031008,1.437379069629162
20.988372093023255,0.05202061600299881
20.992248062015506,1.7943195659056863
20.996124031007753,3.784404938914554
21.0,5.941436714037574
21.003875968992247,0.5500341253548957
21.007751937984494,1.4609818267129357
21.01162790697674,8.160306456501251
21.015503875968992,0.43739768741349044
21.01937984496124,6.067237855675138
21.02325581395349,0.8862362131989807
21.027131782945737,1.3167153619746617
21.031007751937985,4.159020698481309
21.03488372093023,1.1067855336053936
21.03875968992248,9.628008101887668
21.042635658914726,9.408606996982773
21.046511627906977,2.98301271702788
21.050387596899224,7.258285188893755
21.054263565891475,0.425877417311194
21.058139534883722,14.609689420987994
21.06201550387597,5.158394748655054
21.065891472868216,3.994283615710004
21.069767441860463,9.758048020898068
21.07364341085271,2.438513752347631
21.07751937984496,4.245655196351719
21.08139534883721,1.2940229184638665
21.08527131782946,6.313910582434347
21.089147286821706,1.864302256638996
21.093023255813954,1.0665704530468374
21.0968992248062,1.0774711825149772
21.100775193798448,15.011684687405909
21.104651162790695,10.336198887065938
21.108527131782946,10.45504693166218
21.112403100775193,1.850791283691228
21.116279069767444,0.8392765291588122
21.12015503875969,9.520973588946605
21.124031007751938,11.19717857177584
21.127906976744185,3.4400224945807887
21.131782945736433,17.134922966270505
21.13565891472868,0.5343319426368477
21.13953488372093,5.746277367264174
21.143410852713178,0.02475733399992185
21.14728682170543,2.293692191721448
21.151162790697676,8.07962880677503
21.155038759689923,3.0201649625436597
21.15891472868217,9.919474952871182
21.162790697674417,1.418133506739424
21.166666666666664,7.807609916229853
21.170542635658915,5.664803961929206
21.174418604651162,5.53556287272576
21.178294573643413,2.3437110114641153
21.18217054263566,10.773051015345747
21.186046511627907,3.2664705456869423
21.189922480620154,7.544459965560434
21.1937984496124,22.656640039440568
21.19767441860465,10.51169416692642
21.2015503875969,4.936720394091272
21.205426356589147,20.725979517993718
21.209302325581397,11.92780673448648
21.213178294573645,0.16335792398130716
21.217054263565892,1.2813112755304892
21.22093023255814,7.766647030517772
21.224806201550386,7.3962215376863485
21.228682170542633,2.4610280801954
21.232558139534884,10.511587787455511
21.23643410852713,7.611209290554238
21.240310077519382,3.5222070064416844
21.24418604651163,2.680128381650739
21.248062015503876,1.6444355145248393
21.251937984496124,0.5916030081278411
21.25581395348837,2.4942511788707877
21.259689922480618,2.737551417418311
21.26356589147287,5.0810077549295665
21.267441860465116,13.895264368367185
21.271317829457367,1.631866612178131
21.275193798449614,8.606375246151948
21.27906976744186,3.6881495307361503
21.282945736434108,5.559579749880849
21.286821705426355,1.8745572272962168
21.290697674418603,9.932839611218453
21.294573643410853,7.972973208943954
21.2984496124031,10.920165780367585
21.30232558139535,1.9844561770406
21.3062015503876,1.6078219828263267
21.310077519379846,8.068710859430842
21.313953488372093,0.4761591868451778
21.31782945736434,12.738863169360467
21.321705426356587,9.992483101794368
21.325581395348838,4.25935467975641
21.329457364341085,5.437979890972407
21.333333333333336,6.890339981058823
21.337209302325583,1.2364469949636046
21.34108527131783,3.859660157554847
21.344961240310077,0.1115519246670417
21.348837209302324,2.5055158874634986
21.35271317829457,7.131188487101381
21.356589147286822,1.377064059679011
21.36046511627907,0.6533060939532841
21.36434108527132,7.887521882305055
21.368217054263567,6.728615247784101
21.372093023255815,5.469630373490412
21.375968992248062,1.474434308061223
21.37984496124031,1.2400718382999694
21.383720930232556,0.8663940021614295
21.387596899224807,3.523992734091153
21.391472868217054,2.6941962075594463
21.395348837209305,0.40209834600089983
21.399224806201552,5.286595422632523
21.4031007751938,1.2034371109918691
21.406976744186046,2.1279798791403555
21.410852713178294,1.8106776012253551
21.41472868217054,0.7952961608621267
21.418604651162788,2.17613545549475
21.42248062015504,3.2035292902844503
21.426356589147286,1.6230564067463282
21.430232558139537,0.3286615468916828
21.434108527131784,0.9071032210614149
21.43798449612403,3.3182776147643067
21.441860465116278,0.8597330569214121
21.445736434108525,4.555274375501125
21.449612403100772,2.485125722114455
21.453488372093023,0.2807209543917383
21.45736434108527,2.652062774982141
21.46124031007752,4.221775624614752
21.46511627906977,0.19087337745523686
21.468992248062015,3.4557025247775575
21.472868217054263,0.4201565841225768
21.47674418604651,0.32909225892731614
21.480620155038757,2.226303451983035
21.484496124031008,1.53931078356531
21.488372093023255,2.169664712577076
21.492248062015506,0.32843604589915487
21.496124031007753,2.0635441437270754
21.5,0.7276078903199028
21.503875968992247,2.713099696275322
21.507751937984494,0.4184374064297814
21.51162790697674,0.4491215451655219
21.515503875968992,1.6866920178324658
21.51937984496124,1.5462108641459438
21.52325581395349,0.1603593452997249
21.527131782945737,2.3749635675088827
21.531007751937985,0.9064884967377209
21.53488372093023,1.171759965777492
21.53875968992248,1.4280638847206033
21.542635658914726,0.6970544711542382
21.546511627906977,0.6929452265935633
21.550387596899224,0.5220419476272032
21.554263565891475,0.49714525993920056
21.558139534883722,1.6503182279475073
21.56201550387597,0.6618720783677224
21.565891472868216,0.9185671570029742
21.569767441860463,3.310729389701242
21.57364341085271,0.28080575038318606
21.57751937984496,0.2725562222006697
21.58139534883721,1.1452766181946132
21.58527131782946,0.17078339892060507
21.589147286821706,0.14285692833362212
21.593023255813954,1.0678504997955829
21.5968992248062,0.11336501548631406
21.600775193798448,0.44236654189890895
21.604651162790695,1.7523764713929715
21.608527131782946,0.6256427175894945
21.612403100775193,0.44400828380721447
21.616279069767444,0.6160129481742941
21.62015503875969,0.24316169249222536
21.624031007751938,1.7231536414807194
21.627906976744185,0.18792102877960584
21.631782945736433,0.3121158021895606
21.63565891472868,0.0166777540076011
21.63953488372093,0.8233609204816648
21.643410852713178,1.7317544476783133
21.64728682170543,2.8673746381450553
21.651162790697676,0.6702871088343261
21.655038759689923,0.5507030675976357
21.65891472868217,0.15373000584935534
21.662790697674417,0.4202587823793391
21.666666666666664,0.7184384504982351
21.670542635658915,0.061939753243344914
21.674418604651162,0.21534425832722234
21.678294573643413,1.052671133173701
21.68217054263566,2.686417270646045
21.686046511627907,1.526062917773294
21.689922480620154,1.0103736665064036
21.6937984496124,1.2302304280407481
21.69767441860465,2.309549545359307
21.7015503875969,2.902292054125633
21.705426356589147,1.4090787441011485
21.709302325581397,1.360400542611928
21.713178294573645,0.10506012242434923
21.717054263565892,1.2232516160034166
21.72093023255814,3.162991021369966
21.724806201550386,1.5337614097411258
21.728682170542633,0.7504628699033278
21.732558139534884,6.222408162734628
21.73643410852713,0.046746886295742536
21.740310077519382,3.7248746216560136
21.74418604651163,0.8432519828395083
21.748062015503876,1.137628465410742
21.751937984496124,2.1745378862750293
21.75581395348837,5.9856693169424116
21.759689922480618,9.054537535966146
21.76356589147287,17.11006913220313
21.767441860465116,3.5685390750223664
21.771317829457367,5.030574538544672
21.775193798449614,2.3784314657102237
21.77906976744186,11.629370534383792
21.782945736434108,8.847949778519114
21.786821705426355,9.652737827684396
21.790697674418603,9.764553774393105
21.794573643410853,1.5507491406925444
21.7984496124031,5.81435642598937
21.80232558139535,5.99733096404441
21.8062015503876,2.627344277680769
21.810077519379846,6.188226954352322
21.813953488372093,1.1317791392201428
21.81782945736434,5.058597454061633
21.821705426356587,1.2864103562228557
21.825581395348838,7.98113042351634
21.829457364341085,11.220073033475868
21.833333333333336,10.47869162859687
21.837209302325583,4.5949146362336695
21.84108527131783,24.62392794134186
21.844961240310077,9.87674143105737
21.848837209302324,6.711426542224886
21.85271317829457,1.181113303572939
21.856589147286822,2.9803551402962594
21.86046511627907,7.9784699621130235
21.86434108527132,5.104397000650207
21.868217054263567,20.764902320886243
21.872093023255815,8.217427399064583
21.875968992248062,2.044246334852258
21.87984496124031,3.538283102484066
21.883720930232556,8.389753180085265
21.887596899224807,0.9963625735235084
21.891472868217054,2.8218961178386373
21.895348837209305,16.821878007147472
21.899224806201552,0.15892050681235803
21.9031007751938,1.8217040244922735
21.906976744186046,2.0226792049446143
21.910852713178294,14.401906449543484
21.91472868217054,7.043025384661848
21.918604651162788,7.397447535018117
21.92248062015504,1.636005534120722
21.926356589147286,8.217955927119712
21.930232558139537,2.4923338480740918
21.934108527131784,6.474519237244707
21.93798449612403,20.97534940720261
21.941860465116278,8.854112185114564
21.945736434108525,2.830808528282007
21.949612403100772,6.3533568972917065
21.953488372093023,2.5201700272690686
21.95736434108527,0.12065503734648066
21.96124031007752,3.229177623040987
21.96511627906977,0.027266197974833355
21.968992248062015,0.13476172036789538
21.972868217054263,3.2829813306859856
21.97674418604651,4.085821171164978
21.980620155038757,1.7842859165199882
21.984496124031008,4.0080669242115325
21.988372093023255,0.6394539359919953
21.992248062015506,15.578376418100204
21.996124031007753,7.245188135664311
22.0,5.776533726951403
22.003875968992247,1.6685307862476633
22.007751937984494,0.3491908778382161
22.01162790697674,3.1066848029007845
22.015503875968992,0.23341066786812414
22.01937984496124,1.7964330341791936
22.02325581395349,1.392638652861969
22.027131782945737,0.11833659963097264
22.031007751937985,1.89628850630902
22.03488372093023,1.018099895672065
22.03875968992248,2.207351398429427
22.042635658914726,5.313042909424564
22.046511627906977,5.927286642807557
22.050387596899224,2.6678872656187376
22.054263565891475,4.249394130749572
22.058139534883722,6.411003087515123
22.06201550387597,0.5792351425464235
22.065891472868216,10.539435467426529
22.069767441860463,2.522439916716763
22.07364341085271,1.9269472395184644
22.07751937984496,0.6194720958807071
22.08139534883721,0.5879589055719026
22.08527131782946,1.8688504227503246
22.089147286821706,0.3733180430430126
22.093023255813954,1.70395883047938
22.0968992248062,0.5643409017520346
22.100775193798448,1.1264543782740828
22.104651162790695,0.5581546504707395
22.108527131782946,2.1916167540490656
22.112403100775193,4.44345561183537
22.116279069767444,1.8533595527759228
22.12015503875969,1.226314293137682
22.124031007751938,2.3764785243742117
22.127906976744185,1.2985659771696618
22.131782945736433,0.042484107132481914
22.13565891472868,0.9559510769107145
22.13953488372093,5.78472960731696
22.143410852713178,0.3030294736686325
22.14728682170543,0.9512903232395642
22.151162790697676,1.2203720840602241
22.155038759689923,0.022725533137991343
22.15891472868217,2.345290681630232
22.162790697674417,1.5709926505084597
22.166666666666664,0.0712873134650013
22.170542635658915,0.12576473430967874
22.174418604651162,0.9106518312228697
22.178294573643413,0.219289812560315
22.18217054263566,0.6647186905986763
22.186046511627907,2.2047276365534954
22.189922480620154,0.548011234657719
22.1937984496124,0.5768683873529007
22.19767441860465,3.9356576666279635
22.2015503875969,0.46207136112321795
22.205426356589147,1.3873871068109171
22.209302325581397,3.308878591603569
22.213178294573645,0.1185715299082416
22.217054263565892,0.48964046370205905
22.22093023255814,1.6433910824132638
22.224806201550386,0.365241430131775
22.228682170542633,1.2424300958999268
22.232558139534884,0.3482282674191237
22.23643410852713,0.7555120202121426
22.240310077519382,0.9553680966304099
22.24418604651163,0.4335747585045112
22.248062015503876,0.6349673024194096
22.251937984496124,2.1781478837921155
22.25581395348837,4.841564855498033
22.259689922480618,3.7946865432536194
22.26356589147287,0.16786957159569474
22.267441860465116,5.264750682377015
22.271317829457367,0.1790472161622164
22.275193798449614,0.29022336671093885
22.27906976744186,0.49092278801206923
22.282945736434108,0.2407917618346057
22.286821705426355,1.147660288675418
22.290697674418603,0.2723905971003696
22.294573643410853,1.3142635383710477
22.2984496124031,0.31735025620576746
22.30232558139535,0.22023867174883657
22.3062015503876,0.04810727589451197
22.310077519379846,0.262941653018734
22.313953488372093,0.11601205420578976
22.31782945736434,0.4190464461108353
22.321705426356587,0.28786555862393975
22.325581395348838,0.3527870395434316
22.329457364341085,0.078975401293553
22.333333333333336,4.460394060245988
22.337209302325583,0.7591235753267931
22.34108527131783,0.38388411740847633
22.344961240310077,1.9674351376423642
22.348837209302324,2.1230510873594977
22.35271317829457,0.2720825516106583
22.356589147286822,0.7738843778820478
22.36046511627907,1.1718112536472287
22.36434108527132,0.3741871819626488
22.368217054263567,1.4524105697124159
22.372093023255815,0.14482135938180163
22.375968992248062,0.43406810643026983
22.37984496124031,0.49460881779474347
22.383720930232556,0.035066674797514935
22.387596899224807,1.188553963275731
22.391472868217054,0.1742735432846656
22.395348837209305,1.5148680771594305
22.399224806201552,0.5280423862868986
22.4031007751938,1.77398835092249
22.406976744186046,2.6525850489976674
22.410852713178294,0.19946380754062099
22.41472868217054,1.484298488448622
22.418604651162788,3.283956488969365
22.42248062015504,0.2631609080701196
22.426356589147286,0.7733526119091322
22.430232558139537,5.514269508630594
22.434108527131784,2.4375632505001756
22.43798449612403,0.2642452762833426
22.441860465116278,0.9364670751067514
22.445736434108525,0.3816442759526607
22.449612403100772,2.7289694252534384
22.453488372093023,1.3433995347381351
22.45736434108527,1.7828654512881845
22.46124031007752,1.686983865701525
22.46511627906977,1.7437071321614217
22.468992248062015,0.3539858803837882
22.472868217054263,6.489627880604274
22.47674418604651,1.1869686855473123
22.480620155038757,14.57723212714199
22.484496124031008,3.2318040785867836
22.488372093023255,2.089259420901084
22.492248062015506,6.770714789418902
22.496124031007753,1.0070159933821798
22.5,3.817446497235554
22.503875968992247,8.77667713322632
22.507751937984494,6.105599769745488
22.51162790697674,3.8962692886025923
22.515503875968992,7.918151192405255
22.51937984496124,21.150702651859458
22.52325581395349,10.146588026880986
22.527131782945737,0.17350402146507707
22.531007751937985,48.058014762995484
22.53488372093023,3.1953087213888494
22.53875968992248,13.60629875100658
22.542635658914726,28.61445797160745
22.546511627906977,10.252638830002441
22.550387596899224,2.422693997090538
22.554263565891475,2.8432055222836428
22.558139534883722,4.022217174923601
22.56201550387597,9.582576269760498
22.565891472868216,2.236171163781224
22.569767441860463,4.667441349665748
22.57364341085271,0.78987839437087
22.57751937984496,1.251074683423891
22.58139534883721,0.33870073941240475
22.58527131782946,6.987878074881595
22.589147286821706,1.6869509071757811
22.593023255813954,5.225336502075204
22.5968992248062,1.9347082249902143
22.600775193798448,21.968012634988437
22.604651162790695,4.460839049428503
22.608527131782946,14.22158131685048
22.612403100775193,21.456518562409556
22.616279069767444,2.4704494254147944
22.62015503875969,9.885594775260982
22.624031007751938,2.5338667567390316
22.627906976744185,0.10967414609010678
22.631782945736433,2.2801909463922243
22.63565891472868,2.2264797969018693
22.63953488372093,2.550570106242823
22.643410852713178,0.5742915197823084
22.64728682170543,3.3877459690267564
22.651162790697676,12.062920265016402
22.655038759689923,3.2170442452314196
22.65891472868217,3.4186509596295496
22.662790697674417,12.617406902523594
22.666666666666664,2.325828592861749
22.670542635658915,0.15792957716119693
22.674418604651162,2.476145059580008
22.678294573643413,2.807385669323147
22.68217054263566,2.0799880415921814
22.686046511627907,0.5573577935841995
22.689922480620154,9.239987098702743
22.6937984496124,1.732722120257811
22.69767441860465,3.396604693498848
22.7015503875969,5.536130356050817
22.705426356589147,1.4933270808451682
22.709302325581397,3.558647062174672
22.713178294573645,7.603021197072819
22.717054263565892,5.013917620167346
22.72093023255814,5.354913300236858
22.724806201550386,1.6999393031531003
22.728682170542633,0.5752386261112036
22.732558139534884,5.626602791004418
22.73643410852713,3.448766368447162
22.740310077519382,4.855607000162824
22.74418604651163,10.291594181083287
22.748062015503876,6.1995272113381334
22.751937984496124,4.805547686550399
22.75581395348837,1.123699282927904
22.759689922480618,0.03643990812814842
22.76356589147287,5.024593212264562
22.767441860465116,0.5559924572584956
22.771317829457367,2.1177409222195664
22.775193798449614,1.1722087406277608
22.77906976744186,0.6656675524001107
22.782945736434108,0.11429512051851466
22.786821705426355,0.560758946442696
22.790697674418603,0.39834910133335183
22.794573643410853,6.696690067176753
22.7984496124031,0.43708599561364575
22.80232558139535,3.003987987953744
22.8062015503876,3.350410037553884
22.810077519379846,0.14120114009535556
22.813953488372093,0.15971742079936116
22.81782945736434,4.438781731370993
22.821705426356587,2.877432886140458
22.825581395348838,2.3675784514999596
22.829457364341085,0.5705244611867955
22.833333333333336,0.6533775063232133
22.837209302325583,0.6205461791950758
22.84108527131783,0.3217666303650836
22.844961240310077,2.420296467458289
22.848837209302324,3.726384336554019
22.85271317829457,0.06914258613104518
22.856589147286822,0.5778559925963827
22.86046511627907,3.384950913495279
22.86434108527132,0.018855421395394242
22.868217054263567,0.28202592996652054
22.872093023255815,1.507585463830745
22.875968992248062,2.0158898021813254
22.87984496124031,3.8232508835546763
22.883720930232556,0.5658030086050142
22.887596899224807,0.34193484547098335
22.891472868217054,2.892044813863167
22.895348837209305,0.7337391983669977
22.899224806201552,0.23388472385135023
22.9031007751938,0.2033046589240945
22.906976744186046,2.3305027438816275
22.910852713178294,2.0963081370419836
22.91472868217054,0.5896159678683346
22.918604651162788,0.4224680682087199
22.92248062015504,0.7130501820547297
22.926356589147286,0.38403114569484625
22.930232558139537,1.2094876173571074
22.934108527131784,0.6568815762180759
22.93798449612403,0.4433463364931046
22.941860465116278,0.2288651439875981
22.945736434108525,1.332601514209243
22.949612403100772,1.2342519699653023
22.953488372093023,0.7074661908238262
22.95736434108527,0.35444416131614037
22.96124031007752,2.1331960695866425
22.96511627906977,1.224415079608533
22.968992248062015,0.2508271949433391
22.972868217054263,1.0222671038902496
22.97674418604651,0.7761366273326734
22.980620155038757,0.5388150761675305
22.984496124031008,0.25790252312078155
22.988372093023255,0.5144780555687805
22.992248062015506,2.269341752064201
22.996124031007753,0.9959148332440615
23.0,0.041588266783629396
23.003875968992247,2.1173579740886024
23.007751937984494,0.20804374860984176
23.01162790697674,3.3200334014372546
23.015503875968992,0.07911831754931019
23.01937984496124,1.7037783114185476
23.02325581395349,0.07044653506015781
23.027131782945737,0.04656278834196272
23.031007751937985,0.10030160318745877
23.03488372093023,0.027960317710377495
23.03875968992248,0.5510918608834323
23.042635658914726,0.4690231377123827
23.046511627906977,0.4147474060741618
23.050387596899224,0.7325046490902809
23.054263565891475,0.9842649865941543
23.058139534883722,1.059388232346185
23.06201550387597,0.19059946452085205
23.065891472868216,0.356075535999478
23.069767441860463,0.141588409412209
23.07364341085271,1.1455344745657996
23.07751937984496,0.2851139509301337
23.08139534883721,0.3103889053422379
23.08527131782946,0.7252008301783076
23.089147286821706,1.2656793918219196
23.093023255813954,0.6048814002250198
23.0968992248062,1.4551068529070144
23.100775193798448,1.7159880857455723
23.104651162790695,2.8982809078102525
23.108527131782946,0.6170574524993271
23.112403100775193,2.5695413347422087
23.116279069767444,1.0347830810058116
23.12015503875969,0.8757685654901977
23.124031007751938,1.3770853811986927
23.127906976744185,0.4529322216568169
23.131782945736433,0.7574083500727367
23.13565891472868,1.565167048188022
23.13953488372093,5.895966386475231
23.143410852713178,8.39874970798676
23.14728682170543,0.10451777839707098
23.151162790697676,0.2514171418961654
23.155038759689923,8.901301101588661
23.15891472868217,0.7541947559592548
23.162790697674417,0.3695791494485016
23.166666666666664,3.994916319288147
23.170542635658915,1.2328973533113226
23.174418604651162,2.692881720382067
23.178294573643413,0.8204160982544203
23.18217054263566,2.3083862094010166
23.186046511627907,1.5264798084285747
23.189922480620154,3.50976520087267
23.1937984496124,3.468841116396891
23.19767441860465,1.1964403680568518
23.2015503875969,4.337788315457045
23.205426356589147,5.322539534473572
23.209302325581397,3.8719813574400166
23.213178294573645,11.739901952322738
23.217054263565892,11.449268729397787
23.22093023255814,1.1931933197649334
23.224806201550386,14.190966542935737
23.228682170542633,1.224433528469155
23.232558139534884,0.7616775954714926
23.23643410852713,14.664440514524935
23.240310077519382,11.488597994851597
23.24418604651163,15.111080065180142
23.248062015503876,6.427006087177921
23.251937984496124,4.293360339504285
23.25581395348837,1.1120471646382073
23.259689922480618,0.5952912379920337
23.26356589147287,4.818819668810468
23.267441860465116,10.620070206833898
23.271317829457367,9.260366728215256
23.275193798449614,0.09109947813719056
23.27906976744186,4.0432893984581435
23.282945736434108,2.80435778379022
23.286821705426355,5.660023927165361
23.290697674418603,3.745106056723883
23.294573643410853,8.736777703627583
23.2984496124031,1.7631036711765113
23.30232558139535,16.41723758519496
23.3062015503876,16.931928929621613
23.310077519379846,3.7742438494146673
23.313953488372093,3.7186298694897384
23.31782945736434,3.1365137948930077
23.321705426356587,13.195585522014234
23.325581395348838,2.968390728725393
23.329457364341085,4.810577292572862
23.333333333333336,13.939148840530423
23.337209302325583,9.22690182470556
23.34108527131783,0.4122954267105949
23.344961240310077,6.128679306940864
23.348837209302324,1.1503065315357808
23.35271317829457,0.44411726069029994
23.356589147286822,1.0034420080629993
23.36046511627907,11.296005459388732
23.36434108527132,0.17657121264531508
23.368217054263567,6.634354952205442
23.372093023255815,1.0950781601982842
23.375968992248062,3.222331378301705
23.37984496124031,2.1083772243795105
23.383720930232556,12.387879776434875
23.387596899224807,5.2767315948704585
23.391472868217054,1.7468953522354198
23.395348837209305,1.619095118672089
23.399224806201552,4.310905415309337
23.4031007751938,0.655354037519987
23.406976744186046,1.6299261335816568
23.410852713178294,22.561106646484152
23.41472868217054,0.8156761999260951
23.418604651162788,0.9006569414588705
23.42248062015504,7.326184542173508
23.426356589147286,22.650309477681564
23.430232558139537,2.3177275727815716
23.434108527131784,3.4467917449160144
23.43798449612403,4.753337820709307
23.441860465116278,0.6677340156591863
23.445736434108525,4.865969557821528
23.449612403100772,3.4543041782000894
23.453488372093023,1.4076050693629396
23.45736434108527,0.887994224081913
23.46124031007752,0.7813717967039308
23.46511627906977,3.046927726897945
23.468992248062015,0.8358020073245608
23.472868217054263,2.7178946452134953
23.47674418604651,13.046236561631957
23.480620155038757,0.10752160972073144
23.484496124031008,7.847392665059645
23.488372093023255,0.5822348305175754
23.492248062015506,2.4535087939764906
23.496124031007753,0.25619854405081977
23.5,4.251302761278521
23.503875968992247,5.13796742138885
23.507751937984494,6.82701977729391
23.51162790697674,2.2509319393314615
23.515503875968992,5.615702631995496
23.51937984496124,3.804909909228692
23.52325581395349,4.917400116677527
23.527131782945737,2.2036456558452455
23.531007751937985,0.4748392784536467
23.53488372093023,8.824537132247482
23.53875968992248,0.23125075700506503
23.542635658914726,0.13714624729786104
23.546511627906977,2.5551763683593385
23.550387596899224,0.5050282345268648
23.554263565891475,9.349521620098933
23.558139534883722,1.4054687689651988
23.56201550387597,2.1318849925861323
23.565891472868216,1.1289515346237606
23.569767441860463,0.3904675289238897
23.57364341085271,7.193389846945397
23.57751937984496,0.8787994929713386
23.58139534883721,3.8972747649126385
23.58527131782946,0.8850090149319836
23.589147286821706,0.6754020918263013
23.593023255813954,0.5182647764743107
23.5968992248062,5.410360046181391
23.600775193798448,1.8510872995274192
23.604651162790695,0.8536112037827318
23.608527131782946,0.2306223230485008
23.612403100775193,1.6807661145774966
23.616279069767444,2.128280720453279
23.62015503875969,1.1747680797548488
23.624031007751938,0.3481287805906054
23.627906976744185,0.6476522846621502
23.631782945736433,2.655145117108386
23.63565891472868,6.280118113479265
23.63953488372093,0.5802846180413568
23.643410852713178,1.102591544920489
23.64728682170543,0.26646161594367895
23.651162790697676,1.3425075991880329
23.655038759689923,1.616808661381035
23.65891472868217,1.01945752696175
23.662790697674417,1.7514714170007015
23.666666666666664,0.11283609657673827
23.670542635658915,4.221039250761574
23.674418604651162,0.24661196415680103
23.678294573643413,1.645784286098128
23.68217054263566,0.6487764671421581
23.686046511627907,0.3771892372696858
23.689922480620154,1.0643021277163722
23.6937984496124,1.1064702004418197
23.69767441860465,0.003320739587879087
23.7015503875969,1.4972816214938045
23.705426356589147,0.01252222718231461
23.709302325581397,2.898583935813534
23.713178294573645,0.5561109989467196
23.717054263565892,0.5282781519003484
23.72093023255814,0.1855184127775765
23.724806201550386,0.6377709132358512
23.728682170542633,0.17851896069245732
23.732558139534884,1.433186562003082
23.73643410852713,0.2636103395053897
23.740310077519382,0.2179081598784227
23.74418604651163,0.384209659389651
23.748062015503876,0.26103331109215305
23.751937984496124,0.7137533033230217
23.75581395348837,1.1631466167145825
23.759689922480618,0.7466081983358468
23.76356589147287,1.8984074629928567
23.767441860465116,0.015098946766458086
23.771317829457367,0.41684309308026457
23.775193798449614,1.6167621270671415
23.77906976744186,0.18277173600833563
23.782945736434108,0.11477174440803918
23.786821705426355,0.16630340076455014
23.790697674418603,1.1168218172410986
23.794573643410853,0.963428221367921
23.7984496124031,0.7774430616508909
23.80232558139535,0.19188933181891887
23.8062015503876,1.8335223312263014
23.810077519379846,0.32753734325052974
23.813953488372093,0.8494071252772294
23.81782945736434,0.22722113236352232
23.821705426356587,0.8782497829937063
23.825581395348838,0.14911701154588405
23.829457364341085,0.12226308736744369
23.833333333333336,0.6468902880497435
23.837209302325583,1.3109239356314841
23.84108527131783,2.5881167413269486
23.844961240310077,1.9412377146091613
23.848837209302324,0.892794735697918
23.85271317829457,1.6008202974634507
23.856589147286822,0.0006643931661000224
23.86046511627907,1.216409550768831
23.86434108527132,0.22058585059573502
23.868217054263567,0.7838399797289154
23.872093023255815,3.9730934591481772
23.875968992248062,0.666937790541293
23.87984496124031,0.25447251819708894
23.883720930232556,2.2581930689322047
23.887596899224807,0.25685176482754146
23.891472868217054,1.1504170302523828
23.8953488372093,0.358169051697268
23.899224806201552,6.67615678213083
23.9031007751938,5.614465786078626
23.906976744186046,5.163521607296754
23.910852713178294,6.039452745456816
23.91472868217054,1.0937434360991523
23.918604651162788,0.05930238545141494
23.92248062015504,0.8242138058939554
23.926356589147286,16.53806814054102
23.930232558139537,1.315127188786397
23.934108527131784,11.928823133168859
23.93798449612403,1.7167181177684518
23.941860465116278,0.34029942274488173
23.945736434108525,4.468824213620048
23.949612403100772,2.8472721288997933
23.953488372093023,18.56137265565715
23.95736434108527,4.105025989170261
23.96124031007752,4.4261209620675865
23.96511627906977,0.7700699068958297
23.968992248062015,24.808492701432787
23.972868217054263,5.667685213458556
23.97674418604651,5.06267904605809
23.980620155038757,6.7441633361796365
23.984496124031008,4.2028866853952245
23.988372093023255,8.472737846509636
23.992248062015506,11.99415147677375
23.996124031007753,2.0942901457161707
24.0,8.907217329179812
24.003875968992247,14.929797588571116
24.007751937984494,8.693752507518091
24.01162790697674,5.938314728208364
24.015503875968992,0.5877915559699176
24.01937984496124,0.17617826975100975
24.02325581395349,4.939990484251121
24.027131782945737,6.240726915682929
24.031007751937985,11.32124435580977
24.03488372093023,0.545584340772221
24.03875968992248,3.884314825292296
24.042635658914726,2.682377114408695
24.046511627906977,2.800819891425351
24.050387596899224,1.5436060727525691
24.054263565891475,1.4872553342202879
24.058139534883722,0.27276087935724325
24.06201550387597,3.576376568650349
24.065891472868216,4.781583471625519
24.069767441860463,1.2475403814314046
24.07364341085271,3.5984709420596146
24.07751937984496,1.4762592803940104
24.08139534883721,0.49999130654158785
24.08527131782946,1.0543253376640054
24.089147286821706,6.27676682387572
24.093023255813954,27.56801243061092
24.0968992248062,10.236099155795575
24.100775193798448,6.32340587975477
24.104651162790695,2.178958768798213
24.108527131782946,4.604162815181045
24.112403100775193,28.44617998841807
24.116279069767444,9.036077059299735
24.12015503875969,3.9778371713250738
24.124031007751938,4.36904852054064
24.127906976744185,19.36907184179772
24.131782945736433,2.3128540701585143
24.13565891472868,3.716909472161148
24.13953488372093,5.816531637273021
24.143410852713178,9.278420546441739
24.14728682170543,0.018874785415612046
24.151162790697676,9.45305002914758
24.155038759689923,6.093144260884924
24.15891472868217,1.5605309402201164
24.162790697674417,0.4851540388175127
24.166666666666664,1.3128159416046217
24.170542635658915,0.4638244788052764
24.174418604651162,4.035392863870511
24.178294573643413,2.529062815442702
24.18217054263566,2.179467574334073
24.186046511627907,3.651635893213876
24.189922480620154,5.0848875367662085
24.1937984496124,6.7442261182941134
24.19767441860465,0.5393865248382442
24.2015503875969,0.5822765166678879
24.205426356589147,3.5317250089354304
24.209302325581397,4.841542141857475
24.213178294573645,0.6173320150187837
24.217054263565892,2.3214396365655654
24.22093023255814,2.634560660638576
24.224806201550386,1.8579560966282147
24.228682170542633,2.329013684641397
24.232558139534884,3.1574101243358217
24.23643410852713,0.6534980786638711
24.240310077519382,1.9809425631896973
24.24418604651163,1.080578655338462
24.248062015503876,1.8906751121662027
24.251937984496124,4.366866329295156
24.25581395348837,0.057988816231437715
24.259689922480618,0.676632861675326
24.26356589147287,7.117943458075472
24.267441860465116,0.6242268653033564
24.271317829457367,4.472979689972656
24.275193798449614,4.534025157878019
24.27906976744186,6.643105891315134
24.282945736434108,6.6811142160638735
24.286821705426355,1.2957684273732946
24.290697674418603,0.8658771327575727
24.294573643410853,0.106437681448508
24.2984496124031,2.439772209770477
24.30232558139535,1.8555569871155055
24.3062015503876,1.5064638510482187
24.310077519379846,3.607800141591335
24.313953488372093,2.228622505738956
24.31782945736434,2.076793582708214
24.321705426356587,4.397400388711797
24.325581395348838,1.4069459882588753
24.329457364341085,1.8828206636110354
24.333333333333336,2.435120535380352
24.337209302325583,0.9600523366607311
24.34108527131783,0.6204766182657441
24.344961240310077,3.9736128751995436
24.348837209302324,2.136729861484292
24.35271317829457,1.6660290549102077
24.356589147286822,1.0241194015922341
24.36046511627907,0.5090451272591286
24.36434108527132,4.469817902947556
24.368217054263567,4.10894752200816
24.372093023255815,0.3965754049227785
24.375968992248062,1.070441027004799
24.37984496124031,0.572947425787131
24.383720930232556,1.5091323901125886
24.387596899224807,0.6374345000718478
24.391472868217054,3.090132481696971
24.3953488372093,0.9077667611690843
24.399224806201552,1.2480294353921357
24.4031007751938,0.09771570240638944
24.406976744186046,0.500947697436313
24.410852713178294,1.378312556968024
24.41472868217054,1.5136303139316116
24.418604651162788,0.9204722732337917
24.42248062015504,1.5377800405618485
24.426356589147286,1.3438780338247196
24.430232558139537,0.29372838276583674
24.434108527131784,2.1339623107829264
24.43798449612403,0.4967922851514994
24.441860465116278,0.5060055487691422
24.445736434108525,0.193435755745033
24.449612403100772,0.30412349573073155
24.453488372093023,0.011597602395002614
24.45736434108527,0.19050155806742303
24.46124031007752,0.5882294318558015
24.46511627906977,2.3690406871171836
24.468992248062015,0.2776306026930885
24.472868217054263,0.7650472760610031
24.47674418604651,2.8130765658841175
24.480620155038757,0.15309549436751033
24.484496124031008,1.3532546199058175
24.488372093023255,0.8118983917968264
24.492248062015506,0.6653557187841682
24.496124031007753,0.4336262476426916
24.5,0.13677122757563046
24.503875968992247,1.3834147626348485
24.507751937984494,0.717959242991737
24.51162790697674,0.030345799709571516
24.515503875968992,0.7317505818026544
24.51937984496124,1.2282281927131262
24.52325581395349,0.9972986401234167
24.527131782945737,0.9013411416244754
24.531007751937985,0.07582626059003884
24.53488372093023,1.5961128632878492
24.53875968992248,0.08721350640380374
24.542635658914726,0.5245973710609946
24.546511627906977,0.02789724875161697
24.550387596899224,0.4894628501544753
24.554263565891475,0.21070883631703102
24.558139534883722,0.11609719292932627
24.56201550387597,0.3695705291464254
24.565891472868216,0.4236778512261525
24.569767441860463,2.365365145854552
24.57364341085271,0.030382724026640176
24.57751937984496,0.24557993856059737
24.58139534883721,1.4628622448194841
24.58527131782946,2.4549687353445626
24.589147286821706,0.3646532054283698
24.593023255813954,0.20481784221999907
24.5968992248062,0.630883360796864
24.600775193798448,1.576466614202462
24.604651162790695,0.8705015264350051
24.608527131782946,0.13052804517470495
24.612403100775193,0.34765089140361566
24.616279069767444,0.010302489246579796
24.62015503875969,2.741623523360361
24.624031007751938,2.588903676437696
24.627906976744185,0.31634001402845685
24.631782945736433,1.0932132487718111
24.63565891472868,4.702732738177219
24.63953488372093,3.6568998089186873
24.643410852713178,0.08848747671970646
24.64728682170543,15.984724090863319
24.651162790697676,5.128371229750519
24.655038759689923,5.505200594332149
24.65891472868217,10.149188860863498
24.662790697674417,3.703744116969161
24.666666666666664,0.23255901424913794
24.670542635658915,1.1615304268551716
24.674418604651162,2.1542815181515564
24.678294573643413,5.71459360954409
24.68217054263566,2.238095807484634
24.686046511627907,4.883271401017743
24.689922480620154,17.073416804408104
24.6937984496124,9.974561366713795
24.69767441860465,10.377521611448403
24.7015503875969,2.1396004782949545
24.705426356589147,8.078585618036573
24.709302325581397,13.777973073003915
24.713178294573645,1.847506288153368
24.717054263565892,2.897953277616064
24.72093023255814,0.12212499149290604
24.724806201550386,6.8062217947697485
24.728682170542633,8.93267930899666
24.732558139534884,6.150594335437999
24.73643410852713,14.706991285309869
24.740310077519382,0.6813789728052558
24.74418604651163,1.2813075899144912
24.748062015503876,15.129701908361541
24.751937984496124,9.691300050484404
24.75581395348837,14.804896992604268
24.759689922480618,12.266174556872347
24.76356589147287,6.454612058394442
24.767441860465116,2.814063872762867
24.771317829457367,0.7179291226166057
24.775193798449614,0.1694220368685326
24.77906976744186,1.2418315932431696
24.782945736434108,9.622784712850574
24.786821705426355,1.6961499989212308
24.790697674418603,18.388518548004956
24.794573643410853,9.928849813870398
24.7984496124031,2.263528239396926
24.80232558139535,5.246369208708087
24.8062015503876,2.9248404988967343
24.810077519379846,38.445707828992646
24.813953488372093,0.10936215585519848
24.81782945736434,1.9185323841656086
24.821705426356587,3.9166556904244456
24.825581395348838,1.969871190116542
24.829457364341085,4.115228485269558
24.833333333333336,1.6368108955471004
24.837209302325583,0.6524065267825326
24.84108527131783,3.9597075959872265
24.844961240310077,1.5080715044987256
24.848837209302324,2.180973094208573
24.85271317829457,1.277051592282918
24.856589147286822,0.08467749205601771
24.86046511627907,3.585758785601062
24.86434108527132,16.622878587640123
24.868217054263567,12.176771833698412
24.872093023255815,0.9578936970634668
24.875968992248062,11.815223256809011
24.87984496124031,3.8576039432470512
24.883720930232556,0.7034432625732018
24.887596899224807,5.567817293090726
24.891472868217054,2.1157074692224107
24.8953488372093,0.488691686342196
24.899224806201552,0.37404629767050024
24.9031007751938,1.5004012921886025
24.906976744186046,1.9968878608490295
24.910852713178294,3.0388543814986315
24.91472868217054,1.827214662256875
24.918604651162788,2.3905837550376714
24.92248062015504,2.1813764707589836
24.926356589147286,5.268983525280397
24.930232558139537,6.089336219910795
24.934108527131784,2.646557605399204
24.93798449612403,4.58861242319246
24.941860465116278,1.1255366875547967
24.945736434108525,7.990010629820289
24.949612403100772,6.897718154562586
24.953488372093023,0.1227057522863172
24.95736434108527,6.444607117595851
24.96124031007752,4.459884611245556
24.96511627906977,4.836774601837631
24.968992248062015,2.8904366166338535
24.972868217054263,6.44585817655046
24.97674418604651,3.4536877790353966
24.980620155038757,2.9736207474654965
24.984496124031008,6.4188343897738385
24.988372093023255,0.7932772735819801
24.992248062015506,0.7743967316715344
24.996124031007753,1.1373739278520134
25.0,2.944163120251491
25.003875968992247,0.8988435584904124
25.007751937984494,0.598896261545296
25.01162790697674,2.0228051417585307
25.015503875968992,6.442176438355581
25.01937984496124,5.943221852375803
25.02325581395349,0.8793983624412935
25.027131782945737,1.059000787106783
25.031007751937985,0.9398528101882276
25.03488372093023,3.1177200546569472
25.03875968992248,0.2277674617970694
25.042635658914726,3.148568689343022
25.046511627906977,0.2328860981091629
25.050387596899224,5.651468162473589
25.054263565891475,0.9624643391767481
25.058139534883722,2.1716065889835483
25.06201550387597,0.6005177033475836
25.065891472868216,2.5913648434154215
25.069767441860463,2.357239274036744
25.07364341085271,3.1390840193434784
25.07751937984496,2.9533610678178595
25.08139534883721,0.07109633124478988
25.08527131782946,2.0430934597136843
25.089147286821706,2.3540292083078658
25.093023255813954,1.3431322151674296
25.0968992248062,0.4476907257032002
25.100775193798448,0.44204741520283497
25.104651162790695,0.4353694908286835
25.108527131782946,1.4840476403781213
25.112403100775193,0.0377404456525822
25.116279069767444,0.23476878291321032
25.12015503875969,0.7453769083763924
25.124031007751938,1.2963922988406544
25.127906976744185,0.10057711693735548
25.131782945736433,1.1706723486190334
25.13565891472868,4.115792694915041
25.13953488372093,1.2551826964451305
25.143410852713178,0.8229022405471998
25.14728682170543,0.8344558347760754
25.151162790697676,0.12633601238835548
25.155038759689923,0.724574875286921
25.15891472868217,0.4613245975758545
25.162790697674417,3.8609828489381366
25.166666666666664,0.14820382770575594
25.170542635658915,4.083352040699984
25.174418604651162,1.9725840768794443
25.178294573643413,0.2773872496439374
25.18217054263566,1.2011570978030686
25.186046511627907,1.5311308035387492
25.189922480620154,3.1067219834729887
25.1937984496124,0.451136346456035
25.19767441860465,1.4692588117314491
25.2015503875969,2.0527668484318764
25.205426356589147,0.6175524603317031
25.209302325581397,0.1490240168910361
25.213178294573645,0.12644253511649922
25.217054263565892,0.1606092543415279
25.22093023255814,1.0547016324152472
25.224806201550386,1.5325719234632116
25.228682170542633,0.2373077614667097
25.232558139534884,0.3452688335300075
25.23643410852713,0.704251813968431
25.240310077519382,1.4741754951262553
25.24418604651163,2.3979268824552613
25.248062015503876,0.009881303168752962
25.251937984496124,2.063416583993936
25.25581395348837,0.24894628157864673
25.259689922480618,1.1373241371855976
25.26356589147287,0.2664939584890667
25.267441860465116,0.291791120616891
25.271317829457367,0.3120338019337223
25.275193798449614,1.7830734015306409
25.27906976744186,0.28453031382058774
25.282945736434108,0.019101742792858867
25.286821705426355,0.31997704862492066
25.290697674418603,0.6801869839200727
25.294573643410853,0.7119948376315975
25.2984496124031,1.007766590635507
25.30232558139535,0.24316960601721235
25.3062015503876,0.603335133656583
25.310077519379846,0.761181155760994
25.313953488372093,0.05733573272573432
25.31782945736434,0.2679397933796372
25.321705426356587,0.6514038939186766
25.325581395348838,0.5562613437089654
25.329457364341085,0.11088285886925361
25.333333333333336,0.026922298509648078
25.337209302325583,1.6386590183618304
25.34108527131783,0.4116675130468586
25.344961240310077,0.8572826671957839
25.348837209302324,0.5666453187192263
25.35271317829457,0.1943048011242725
25.356589147286822,0.0317095409034263
25.36046511627907,0.012524367069798929
25.36434108527132,0.04026597326368198
25.368217054263567,0.2541084095861066
25.372093023255815,0.6381589480836113
25.375968992248062,0.08447204149101216
25.37984496124031,0.004869694877958397
25.383720930232556,0.08225854132125134
25.387596899224803,0.11323101677037915
25.391472868217054,0.9169376822663116
25.3953488372093,0.4121676854027702
25.399224806201552,0.2194102781308507
25.4031007751938,0.8087870297159861
25.406976744186046,0.28691906295401737
25.410852713178294,0.04977706588184528
25.41472868217054,0.13790495004447878
25.418604651162788,0.45108064927905134
25.42248062015504,0.6225187328814389
25.426356589147286,0.3168182669847717
25.430232558139537,1.1032312428502942
25.434108527131784,1.0041386168850333
25.43798449612403,0.050480423300521604
25.441860465116278,0.0012983260850741413
25.445736434108525,0.051040930823008264
25.449612403100772,0.5916129102761952
25.453488372093023,0.886812025568825
25.45736434108527,0.49005772710279405
25.46124031007752,0.9946119974635085
25.46511627906977,0.004466399880088726
25.468992248062015,0.5002280851733969
25.472868217054263,0.12972711846549034
25.47674418604651,0.6935887024369846
25.480620155038757,0.19949899991078554
25.484496124031008,0.13421051361423036
25.488372093023255,1.1971918898436922
25.492248062015506,0.15976325009286016
25.496124031007753,0.22352200711399228
25.5,0.14887326580855045
25.503875968992247,0.3577070985260816
25.507751937984494,2.181023767051268
25.51162790697674,1.5419083221932763
25.515503875968992,0.40574350925639346
25.51937984496124,0.07282959446385825
25.52325581395349,0.2742515751648074
25.527131782945737,0.07203672928057371
25.531007751937985,0.597528742992172
25.53488372093023,0.4743940780425955
25.53875968992248,0.001581123713092533
25.542635658914726,0.05324137513364702
25.546511627906977,0.13711927075131067
25.550387596899224,0.08726556100555058
25.554263565891475,0.4903526169114785
25.558139534883722,0.9273198216842168
25.56201550387597,0.9947048364719099
25.565891472868216,0.4569941787630671
25.569767441860463,0.2857799317156266
25.57364341085271,0.13476552826580948
25.57751937984496,0.2943630172531651
25.58139534883721,0.26306759925608275
25.58527131782946,0.34855260924328374
25.589147286821706,0.8064596615161602
25.593023255813954,0.7134309368985688
25.5968992248062,0.8668444747481481
25.600775193798448,0.9287305598322433
25.604651162790695,0.44860043156390494
25.608527131782946,0.09277820632544176
25.612403100775193,0.8654272687365836
25.616279069767444,0.7108424151514604
25.62015503875969,1.0043372731053262
25.624031007751938,0.9091836232877573
25.627906976744185,0.7596112112320663
25.631782945736433,0.4312513886495554
25.63565891472868,0.2492795259208633
25.63953488372093,1.37226389456755
25.643410852713178,0.106969679991911
25.64728682170543,0.25979218307536944
25.651162790697676,1.4622549504534592
25.655038759689923,0.21889882336789782
25.65891472868217,0.3577883328726882
25.662790697674417,0.04557151153643373
25.666666666666664,0.3806523659250849
25.670542635658915,0.28026246314796116
25.674418604651162,0.7564148834648703
25.678294573643413,0.008029042760204419
25.68217054263566,0.39082144127087715
25.686046511627907,0.21474744625525516
25.689922480620154,0.03270980365046099
25.6937984496124,0.7327435873517848
25.69767441860465,0.14205837793630408
25.7015503875969,0.8036262853580971
25.705426356589147,0.35785048375076167
25.709302325581397,0.22261439797481072
25.713178294573645,0.30823024442118424
25.717054263565892,0.05223703527009751
25.72093023255814,0.39266185231632267
25.724806201550386,1.1714817518589644
25.728682170542633,0.1973492658163387
25.732558139534884,0.10856921857495537
25.73643410852713,0.15180688605820294
25.740310077519382,0.10323199686117052
25.74418604651163,0.38065287566741796
25.748062015503876,0.1301380185935062
25.751937984496124,1.4604235322378152
25.75581395348837,0.24886891845595138
25.759689922480618,0.0010894137183481683
25.76356589147287,0.1702970677346157
25.767441860465116,0.22322906989917185
25.771317829457367,1.63138507039409
25.775193798449614,0.08325580290103292
25.77906976744186,0.3620872164681692
25.782945736434108,0.17116051388736575
25.786821705426355,0.07229816482098236
25.790697674418603,0.1631211044439254
25.794573643410853,0.6703180913860236
25.7984496124031,0.1427795992064774
25.80232558139535,0.02903271193305152
25.8062015503876,0.21976533368340825
25.810077519379846,0.13117235231209085
25.813953488372093,1.9706299132679135
25.81782945736434,1.3387461232813118
25.821705426356587,0.2835219962881893
25.825581395348838,0.33261559839079713
25.829457364341085,0.09008671533893212
25.833333333333336,1.0612387787579332
25.837209302325583,0.1141712203288422
25.84108527131783,1.116862409031337
25.844961240310077,0.06843774687004617
25.848837209302324,0.05549373974336782
25.85271317829457,0.8366085880146052
25.856589147286822,0.004188871801702521
25.86046511627907,0.036648075232279455
25.86434108527132,0.135314358929419
25.868217054263567,0.05827419400340102
25.872093023255815,0.5128936020278086
25.875968992248062,0.4373553705886541
25.87984496124031,0.17594762738850092
25.883720930232556,0.053340700517005915
25.887596899224803,2.2371722619450347
25.891472868217054,0.5075494440360399
25.8953488372093,0.3369829264868944
25.899224806201552,0.46053491375470923
25.9031007751938,1.3404627395871982
25.906976744186046,0.5841039580370098
25.910852713178294,0.05578517707788103
25.91472868217054,0.32726364082488635
25.918604651162788,0.08346236413728679
25.92248062015504,0.39529433002515624
25.926356589147286,0.511531061483972
25.930232558139537,0.041259986286525316
25.934108527131784,0.5368005112946154
25.93798449612403,0.13772881790497707
25.941860465116278,0.10313782153230101
25.945736434108525,0.09447653269137593
25.949612403100772,0.8350814979129491
25.953488372093023,0.3793154052909519
25.95736434108527,0.20940027241326045
25.96124031007752,0.3430724303627801
25.96511627906977,1.307802568931531
25.968992248062015,0.09842557519968831
25.972868217054263,0.6829887293501904
25.97674418604651,0.9189999094902604
25.980620155038757,0.28924005382015827
25.984496124031008,0.05062587717473839
25.988372093023255,0.25833844357311736
25.992248062015506,0.09236437430042231
25.996124031007753,0.08882451750988056
26.0,0.23780769090965823
